input_id,farmer_id,crop_id,date_id,input_type,quantity_used,cost,unit
5,961,134,62,seed,3222.6,392044.25,kg
10,934,144,71,seed,1154.09,228912.87,kg
62,125,113,156,seed,2267.14,77066,kg
75,116,81,8,seed,4778.23,87034,kg
98,582,9,580,seed,1569.18,390491.32,kg
104,365,59,636,seed,3135.29,5189.7,kg
113,109,174,67,seed,503.52,190938.4,kg
136,71,152,584,seed,4179.55,296503.23,kg
148,756,112,121,seed,4719.4,42530.35,kg
188,1020,79,712,seed,2036.88,266493.16,kg
195,813,40,409,seed,1248.88,32092.18,kg
208,55,20,113,seed,593.46,371346.91,kg
216,1017,54,659,seed,2937.39,29979.33,kg
218,819,36,294,seed,3095.88,283094.97,kg
230,684,167,654,seed,4797.75,145858.9,kg
236,586,14,604,seed,2094.47,421293,kg
239,233,147,658,seed,2360.06,157695,kg
257,466,147,663,seed,2614.01,362988,kg
308,578,209,496,seed,850.04,249544.66,kg
314,748,186,561,seed,401.61,131468.17,kg
330,839,144,667,seed,4497.65,152880.02,kg
336,990,16,667,seed,96.75,153636.8,kg
349,779,129,278,seed,2214.53,294631.9,kg
352,412,34,557,seed,4426.75,24306.66,kg
357,352,131,137,seed,3609.18,318985.79,kg
372,663,91,641,seed,87.11,217667.08,kg
385,398,191,114,seed,655.42,496458.2,kg
399,261,78,226,seed,1562.17,372681.49,kg
406,891,203,49,seed,4830.4,142976,kg
433,1007,151,186,seed,4317.66,140632.9,kg
463,360,80,302,seed,4833.68,297612.7,kg
483,349,167,74,seed,4345.45,417258.89,kg
557,8,161,644,seed,2388.36,232730.7,kg
561,252,9,1,seed,3971.93,32441.48,kg
594,1029,120,218,seed,4077.23,340528.39,kg
599,708,115,187,seed,2996.44,245944,kg
700,20,25,647,seed,3653.8,144501.21,kg
720,255,46,411,seed,4352.89,88027.17,kg
731,949,149,277,seed,706.51,416770.53,kg
752,407,183,42,seed,913.55,380582,kg
756,942,118,597,seed,3746.89,68499.53,kg
813,252,130,208,seed,1774.95,468521.29,kg
833,246,70,108,seed,4664.33,353846.56,kg
878,988,16,180,seed,411.12,201259.84,kg
882,990,48,29,seed,2384.01,425351.64,kg
901,534,96,486,seed,976.31,474261.53,kg
937,504,188,13,seed,2631.96,10404.51,kg
964,749,131,152,seed,1546.35,32412.7,kg
978,204,23,5,seed,1805.85,22411.42,kg
987,824,98,500,seed,1467.12,347915.18,kg
994,434,143,136,seed,1363.25,162963.98,kg
1018,437,113,60,seed,1483.55,137065.64,kg
1022,378,201,407,seed,1008.52,99514.59,kg
1042,82,120,346,seed,1149.42,309657.01,kg
1073,872,2,343,seed,3121.99,108028.83,kg
1093,169,52,467,seed,840.72,88624.01,kg
1139,347,203,471,seed,4484.27,230328.05,kg
1152,364,194,53,seed,446.01,180939,kg
1223,809,25,683,seed,3472.35,54117,kg
1229,100,162,729,seed,2160.99,358658.33,kg
1255,639,201,72,seed,4666.59,252990.62,kg
1302,434,171,111,seed,4717.11,300514.72,kg
1351,684,151,443,seed,2921.82,212744.64,kg
1386,375,146,131,seed,3271.51,257195.13,kg
1407,640,89,389,seed,1850.74,301889.47,kg
1464,397,110,688,seed,281.45,12393.68,kg
1520,297,109,296,seed,2335.45,210166.06,kg
1531,733,41,310,seed,1258.01,434183.46,kg
1561,37,203,529,seed,1705.18,483901.56,kg
1569,526,37,324,seed,1043.03,58262.75,kg
1619,56,3,478,seed,2185.89,414495.19,kg
1633,180,74,389,seed,930.7,422833.05,kg
1637,713,198,323,seed,2186.27,450344.35,kg
1661,888,119,399,seed,3040.64,239331.72,kg
1672,571,10,179,seed,4136.99,199129.83,kg
1701,689,167,86,seed,2709.43,355246.18,kg
1715,911,122,310,seed,3943.14,220469.24,kg
1718,1044,136,405,seed,1545.45,65300.02,kg
1731,572,105,100,seed,389.86,219372.2,kg
1771,702,111,346,seed,4713.97,289447.22,kg
1786,627,125,253,seed,3369.67,218638.81,kg
1861,830,210,378,seed,3534.34,215061.84,kg
1889,736,130,16,seed,1102.33,327460.08,kg
1893,348,198,679,seed,2461.86,373245.28,kg
1939,835,185,65,seed,1011.31,133113.75,kg
1943,644,32,149,seed,1828.69,492443.4,kg
1954,488,82,18,seed,810.5,371190.76,kg
1964,673,198,569,seed,621.64,349754.95,kg
1969,894,170,79,seed,3337.57,240824.89,kg
1972,317,191,423,seed,2904.03,384063,kg
2018,761,9,562,seed,1545.14,355390.17,kg
2082,746,73,525,seed,1901.9,492611.92,kg
2091,575,69,298,seed,4513.32,485206,kg
2132,958,17,433,seed,1820.24,443384.32,kg
2138,82,112,379,seed,734.61,169378.21,kg
2157,680,37,223,seed,2494.68,211589.3,kg
2175,596,80,147,seed,2295.36,197779.84,kg
2181,624,129,608,seed,830.12,436903.17,kg
2183,424,85,559,seed,2795.39,398759.83,kg
2188,763,68,128,seed,4963.61,175182.55,kg
2193,65,33,306,seed,3000.52,308084.87,kg
2228,551,150,391,seed,1817.06,141211.07,kg
2249,214,76,713,seed,3026.7,367426.33,kg
2322,455,7,182,seed,1100.01,436177.92,kg
2400,194,97,190,seed,1668.5,161934.71,kg
2421,184,158,543,seed,238.23,390161.37,kg
2423,199,197,648,seed,390.73,30887.95,kg
2425,216,103,155,seed,611.03,214571.88,kg
2451,244,202,601,seed,1092.69,64907.1,kg
2473,487,120,692,seed,722.93,229170.87,kg
2500,220,60,637,seed,3352.35,403558.4,kg
33,834,192,196,water,4334.66,218561.88,kg
53,180,159,98,water,59.12,420781.93,kg
71,699,84,667,water,738.78,120834.83,kg
121,178,51,298,water,4957.23,60797.72,kg
149,614,35,228,water,1614.75,121684.14,kg
183,793,148,4,water,1927.61,244112.15,kg
185,933,98,508,water,1654.11,54010.09,kg
204,796,28,480,water,108.27,340486.97,kg
205,1018,134,405,water,833.96,73579.1,kg
207,387,111,547,water,4730.3,297889.98,kg
226,450,121,3,water,1859.05,363091.52,kg
243,952,4,182,water,4781.04,464254.45,kg
274,185,88,344,water,1501.32,467740.43,kg
285,177,152,664,water,2442.25,292087.93,kg
332,442,179,689,water,3943.94,471911.67,kg
364,472,85,94,water,2572.42,363332.57,kg
369,353,55,53,water,1630.71,88342.29,kg
384,973,206,170,water,3367.63,318148.02,kg
481,144,147,268,water,2332.47,6361.92,kg
522,436,77,505,water,28.83,151580.78,kg
526,622,164,644,water,4965.03,189998.22,kg
544,205,114,4,water,1425.73,17036.31,kg
567,474,37,426,water,1909.4,243777.8,kg
602,1041,67,453,water,1622.82,188686.37,kg
640,490,124,338,water,1978.07,116839.77,kg
643,352,29,665,water,1622.76,203604.02,kg
666,251,47,400,water,222.2,286517.07,kg
696,958,208,586,water,3041.9,228046.91,kg
748,947,50,623,water,3227.33,53153.63,kg
806,23,103,183,water,2945.72,103160.28,kg
810,1008,158,101,water,96.74,374310.78,kg
870,517,15,529,water,4414.85,258648.65,kg
876,183,179,447,water,4287.21,489126.14,kg
877,1006,189,600,water,897.83,385571.08,kg
979,77,128,382,water,163.52,86782.95,kg
990,639,201,359,water,1240.92,215933.64,kg
995,501,23,547,water,4609.42,494991.42,kg
1000,196,142,272,water,3892.18,199573.97,kg
1038,26,23,388,water,1537.52,210289.69,kg
1069,864,93,532,water,2338.17,491033.21,kg
1071,721,158,655,water,4026.99,319074.8,kg
1072,610,162,433,water,4824.25,297982.32,kg
1084,859,81,609,water,4998.92,329008.31,kg
1086,984,34,587,water,199.46,209378.7,kg
1101,351,168,270,water,3673.36,348318.04,kg
1115,133,166,314,water,4302.29,195164.09,kg
1132,724,197,574,water,4258.79,249811.5,kg
1137,737,66,561,water,1416.04,8844.08,kg
1178,964,137,392,water,1992.97,497449,kg
1220,452,156,592,water,2697.39,422564.96,kg
1240,642,44,142,water,2339.6,355793.01,kg
1272,496,199,696,water,4260.3,104812.14,kg
1318,944,138,645,water,2854.84,116378.88,kg
1327,906,188,114,water,528.13,125557.91,kg
1357,734,163,134,water,3584.84,157984.48,kg
1373,63,23,20,water,2986.6,80254.3,kg
1439,653,156,645,water,1591.68,437965.43,kg
1444,581,28,537,water,3565.12,304781,kg
1453,971,85,646,water,2593.92,461421.67,kg
1455,552,109,264,water,1884.98,145412.45,kg
1465,960,111,26,water,233.78,456223,kg
1480,570,37,476,water,161.21,326010,kg
1496,615,20,506,water,4853.68,326813,kg
1504,410,127,344,water,1230.91,250317.24,kg
1505,46,84,242,water,2818.43,411774.14,kg
1536,723,113,15,water,331.58,295825.41,kg
1539,403,129,84,water,2517.03,411995.93,kg
1563,332,121,210,water,357.8,336221.97,kg
1606,90,85,46,water,472.61,16205,kg
1617,453,100,92,water,1557.92,349891.88,kg
1642,693,184,516,water,284.03,225843.12,kg
1687,915,187,176,water,2585.46,71877.43,kg
1689,536,73,69,water,1633.93,187842.36,kg
1690,767,115,201,water,1300.82,90649.39,kg
1709,708,60,537,water,2421.61,289051.6,kg
1714,93,11,628,water,220.81,86179.4,kg
1734,796,105,171,water,4295.7,-291707.73,kg
1750,55,200,650,water,4588.46,60133.87,kg
1761,976,13,274,water,1842.93,418617.66,kg
1772,897,102,607,water,4858.9,273767.75,kg
1787,872,52,108,water,2452.51,202636.5,kg
1795,340,200,558,water,1628.3,174469.03,kg
1840,861,76,33,water,3265.41,424578.55,kg
1855,1021,97,664,water,3328.35,74873.61,kg
1862,851,61,584,water,4134.96,338299.23,kg
1892,146,7,721,water,1853.95,13453.1,kg
1915,447,98,458,water,2298.04,435136.28,kg
1930,874,41,512,water,1820.96,153720.65,kg
1950,109,141,409,water,1218.24,457083.7,kg
2098,1042,178,606,water,250.96,278087.15,kg
2113,300,203,533,water,327.39,248976,kg
2119,928,85,69,water,4918.64,274020.88,kg
2125,203,6,202,water,1486.85,331072.08,kg
2171,899,142,23,water,3936.07,61035.11,kg
2241,384,51,343,water,1697.4,356829.64,kg
2290,924,65,319,water,946.84,301614,kg
2307,575,90,624,water,2652.29,444597.11,kg
2332,804,116,399,water,1769.28,317278.6,kg
2355,20,179,356,water,1975.27,485928.94,kg
2371,755,32,156,water,4721.31,451997.84,kg
2390,947,35,496,water,-5,212112,kg
2414,241,150,472,water,339.44,108159.74,kg
2415,703,151,575,water,2010.01,233499.33,kg
2424,1023,146,519,water,2891.09,499244.14,kg
2438,384,122,246,water,2959.23,407854.05,kg
2439,363,25,561,water,4218.98,45705.28,kg
2469,1009,116,576,water,4418.26,324537,kg
2,226,14,690,pesticide,2685.9,335426.49,kg
9,537,15,508,pesticide,25.5,36483.76,kg
23,961,210,68,pesticide,1308.36,386171.48,kg
70,203,133,177,pesticide,1840.18,323119.64,kg
118,155,8,346,pesticide,1114.22,179726.5,kg
174,666,139,600,pesticide,986.54,224329.58,kg
179,899,85,148,pesticide,4779.95,386151.64,kg
221,909,91,651,pesticide,1899.77,246152,kg
244,41,177,104,pesticide,2698.92,131845.38,kg
245,736,177,380,pesticide,3564.78,173792.89,kg
247,180,184,676,pesticide,685.39,263742.59,kg
249,442,188,204,pesticide,3898.4,429382.59,kg
253,228,121,323,pesticide,2274.65,219878.39,kg
266,734,113,443,pesticide,3115.55,187224.38,kg
286,261,27,463,pesticide,2608.71,448962.45,kg
315,972,191,495,pesticide,1485.93,190033.42,kg
334,385,17,418,pesticide,286.7,262866.32,kg
381,835,167,289,pesticide,4696.93,387575.39,kg
396,397,199,86,pesticide,2058.29,455142,kg
432,506,171,120,pesticide,3732.92,473543.7,kg
480,978,162,24,pesticide,2462.34,56990.71,kg
499,491,39,253,pesticide,4202.37,331136.48,kg
503,309,151,238,pesticide,3608.39,281856.59,kg
507,624,199,489,pesticide,485.33,414593,kg
553,618,129,574,pesticide,1888.61,33307.15,kg
558,753,109,730,pesticide,2962.6,207948,kg
562,691,23,405,pesticide,103.54,16545.58,kg
565,148,8,281,pesticide,3796.17,33427.3,kg
568,525,67,231,pesticide,2864.68,50173.15,kg
659,1047,73,711,pesticide,484.24,140274,kg
711,6,191,637,pesticide,4677.45,48984.28,kg
724,625,89,570,pesticide,1841.86,266374,kg
725,705,127,196,pesticide,1608.44,455489.91,kg
728,859,115,703,pesticide,1173.64,148857.71,kg
734,635,53,191,pesticide,2288.04,133170.4,kg
775,837,81,150,pesticide,3877.66,16366.45,kg
778,395,161,459,pesticide,4554.88,424920.97,kg
783,632,97,15,pesticide,4616.87,37728.9,kg
790,607,178,627,pesticide,3651.06,140628.88,kg
808,775,126,654,pesticide,1954.48,408692.64,kg
879,324,54,211,pesticide,582.4,442080.61,kg
881,7,16,315,pesticide,4846.14,177838.08,kg
904,207,53,68,pesticide,4964.55,64010.55,kg
919,104,210,81,pesticide,4843.29,375628.02,kg
1001,450,127,588,pesticide,1256.93,290773.54,kg
1029,330,104,657,pesticide,2777.49,311614.4,kg
1065,917,74,464,pesticide,3294.05,147375,kg
1124,20,33,554,pesticide,251.49,134602,kg
1136,807,129,453,pesticide,962.29,282463,kg
1192,355,79,581,pesticide,1036.63,197431.92,kg
1282,1005,17,648,pesticide,3919.49,455806.4,kg
1286,897,41,490,pesticide,4140.16,154167.74,kg
1336,531,65,414,pesticide,3834.56,497639.58,kg
1354,918,89,168,pesticide,1092.77,13808.82,kg
1437,864,160,382,pesticide,3440.25,320614.08,kg
1468,720,49,659,pesticide,3977.78,60216.39,kg
1474,139,41,379,pesticide,2429.63,241707.88,kg
1485,921,65,222,pesticide,4108.78,98247.94,kg
1525,434,160,258,pesticide,4037.24,103046.28,kg
1533,261,12,659,pesticide,103.67,235126.59,kg
1541,483,29,115,pesticide,3203.54,291404.97,kg
1558,127,134,416,pesticide,3516,436758,kg
1584,686,168,516,pesticide,819.5,204967.9,kg
1623,632,18,69,pesticide,239.86,325500.45,kg
1638,330,163,431,pesticide,36.56,444547.67,kg
1643,1009,119,161,pesticide,2873.7,76189,kg
1662,822,202,428,pesticide,4715.99,160824,kg
1681,53,145,579,pesticide,2542.27,78671.18,kg
1713,257,135,417,pesticide,3771.86,41619,kg
1719,150,119,207,pesticide,2966.95,315807.11,kg
1764,657,148,673,pesticide,1065.67,363603.87,kg
1799,874,89,689,pesticide,2655.51,488788.76,kg
1819,396,4,303,pesticide,2085.91,382827,kg
1908,340,51,548,pesticide,4065.24,366613.17,kg
1913,35,51,267,pesticide,3150.5,452152,kg
1914,521,192,450,pesticide,4886.45,234916.15,kg
1925,932,40,644,pesticide,1193.96,170178,kg
1959,1023,164,125,pesticide,3433.63,493781.33,kg
1962,936,134,210,pesticide,2617.19,470227.23,kg
1970,274,80,114,pesticide,4117.92,67313.48,kg
2001,407,123,288,pesticide,4553.92,7351.56,kg
2003,589,178,190,pesticide,1258.75,223179.12,kg
2030,46,22,156,pesticide,2973.33,302910,kg
2034,821,77,405,pesticide,4510.1,426365.21,kg
2046,766,105,521,pesticide,3518.27,486577.54,kg
2061,857,188,370,pesticide,1383.73,202611.81,kg
2087,292,106,699,pesticide,1306.64,487876.55,kg
2088,557,23,199,pesticide,1267.15,56447.48,kg
2100,1014,145,31,pesticide,652.67,80977.63,kg
2134,981,27,493,pesticide,1228.74,362135.33,kg
2149,774,153,588,pesticide,2100.26,228929.6,kg
2158,537,64,534,pesticide,3051.97,44235.82,kg
2163,864,5,304,pesticide,3585.22,45074.04,kg
2185,987,113,397,pesticide,3744.45,5970.17,kg
2244,757,78,249,pesticide,4515.13,398122.19,kg
2267,496,69,653,pesticide,1741.28,388840,kg
2319,20,201,662,pesticide,4561.97,289808.53,kg
2345,643,195,488,pesticide,444.23,226170.56,kg
2365,307,26,139,pesticide,410.58,461569,kg
2382,44,104,173,pesticide,4675.84,327494.52,kg
2386,859,90,231,pesticide,3726.4,169991.31,kg
2389,865,199,328,pesticide,4371.34,227397.84,kg
2435,845,5,350,pesticide,2854.51,470044,kg
2456,520,33,265,pesticide,564.77,194278.4,kg
2475,551,17,534,pesticide,4837.36,22462.62,kg
43,22,106,45,labour,4179.54,304520.28,kg
44,212,65,463,labour,2410.96,64170,kg
69,579,204,54,labour,2785.36,141164.01,kg
110,505,91,240,labour,1938.12,177994.04,kg
209,512,148,470,labour,2725.83,47068.67,kg
284,1047,191,322,labour,115.57,244922.91,kg
302,64,96,675,labour,4649.13,203523.89,kg
325,981,105,275,labour,3308.86,20221.29,kg
337,795,76,192,labour,1004.17,200471.5,kg
375,931,117,1,labour,4625.46,194315.01,kg
387,790,184,131,labour,2423.66,491644.52,kg
388,956,169,684,labour,3952.23,284955.91,kg
415,319,88,347,labour,3266.83,101814.26,kg
445,517,144,34,labour,674.92,93564.02,kg
452,1032,118,600,labour,251.97,278879.55,kg
454,942,133,716,labour,2067.42,471214.51,kg
573,39,147,660,labour,639.34,96595,kg
590,343,11,730,labour,1576.08,478381.79,kg
648,978,36,36,labour,4725.9,92232.34,kg
654,121,161,151,labour,4045.88,444316.75,kg
678,1049,24,487,labour,457.25,292628.57,kg
717,445,87,405,labour,1448.07,165662.25,kg
753,173,38,633,labour,488.86,246199.06,kg
782,855,194,445,labour,2920.31,275244.22,kg
800,48,56,611,labour,4318.01,161512.21,kg
851,193,140,111,labour,1327.88,37907.67,kg
861,743,191,426,labour,3255,246346.43,kg
867,815,122,509,labour,17.74,99543.32,kg
893,508,6,519,labour,3320.3,449960.35,kg
921,277,199,498,labour,4923.15,322157.04,kg
932,322,208,48,labour,4179.88,268039.56,kg
960,1018,157,716,labour,1584.66,56827.71,kg
970,148,56,378,labour,44.1,302924.86,kg
1006,105,15,412,labour,2060.7,494052.8,kg
1111,705,113,41,labour,582.6,137032.42,kg
1113,519,15,72,labour,2130.75,258881.59,kg
1143,295,56,91,labour,2664.34,98143.1,kg
1176,477,136,285,labour,1039.19,286298.53,kg
1181,651,40,720,labour,2914.34,9138.7,kg
1201,910,74,242,labour,2030.46,187629.9,kg
1205,903,109,721,labour,144.22,39398.2,kg
1235,478,117,156,labour,2158.5,277917.03,kg
1281,291,134,73,labour,656.27,12934.39,kg
1326,855,116,84,labour,1136.88,442630.46,kg
1349,300,31,560,labour,2263.45,411289,kg
1352,516,129,534,labour,3600.29,354563.83,kg
1381,1012,171,587,labour,2451.6,231667.15,kg
1470,969,20,608,labour,2412.6,499354.35,kg
1586,857,102,398,labour,1776.94,298127.05,kg
1610,959,94,392,labour,4472.61,169097.08,kg
1644,591,142,679,labour,1731.66,490087.1,kg
1699,961,85,137,labour,2073.02,86815.86,kg
1755,821,105,185,labour,565.24,253258.04,kg
1760,543,140,270,labour,1912.35,363055.27,kg
1768,129,18,263,labour,3910.28,423940.08,kg
1835,834,100,311,labour,4419.05,179416.83,kg
1839,25,39,701,labour,2003.52,159143.65,kg
1849,471,151,452,labour,779.25,296180.56,kg
1868,234,161,7,labour,2747.43,104738.8,kg
1896,916,178,378,labour,4327.91,367364,kg
1955,128,28,52,labour,3877.58,411955.28,kg
1960,142,173,479,labour,2785.19,317822.7,kg
1997,127,1,314,labour,3545.33,407767.32,kg
2015,279,183,266,labour,4451.81,103284.24,kg
2027,808,108,193,labour,3032.56,233775.31,kg
2054,522,128,327,labour,2158.13,17051,kg
2080,638,97,616,labour,-4,259036.98,kg
2115,665,197,458,labour,1064.88,50557.87,kg
2118,239,99,145,labour,1715.74,32500.84,kg
2130,792,13,311,labour,4720.29,472279.52,kg
2140,888,191,537,labour,4486.07,245114.4,kg
2144,274,180,207,labour,2732.55,46072.39,kg
2177,843,185,133,labour,4156.32,368710.54,kg
2179,488,31,453,labour,196.94,450235.73,kg
2203,241,133,479,labour,232.25,360537.77,kg
2261,502,127,690,labour,3302.74,279329.29,kg
2295,927,140,658,labour,608.22,341544.24,kg
2304,806,145,166,labour,4166.87,427329,kg
2316,878,47,621,labour,2630.84,78296.36,kg
2323,810,57,212,labour,445.92,484596.53,kg
2344,604,94,369,labour,3752.12,182204.44,kg
2369,550,4,18,labour,3799.13,466984.28,kg
2378,37,21,79,labour,64.45,341605.15,kg
2437,564,30,28,labour,7.23,438136160,kg
2446,117,132,319,labour,268.93,485776.23,kg
2480,325,39,84,labour,4329.16,476430.5,kg
73,460,46,712,fertilizer,3296.02,45248.31,kg
132,355,87,511,fertilizer,3667.38,339795.89,kg
190,924,14,552,fertilizer,3922.75,422.8,kg
303,466,180,124,fertilizer,1988.97,23526.94,kg
322,355,132,86,fertilizer,3290.73,441122.95,kg
351,327,90,468,fertilizer,4929.21,301282.23,kg
359,832,204,54,fertilizer,4805.01,171713,kg
370,147,66,447,fertilizer,1045.48,277559,kg
418,721,173,177,fertilizer,1356.28,301962.8,kg
420,298,210,155,fertilizer,3364.51,195359.32,kg
465,469,129,153,fertilizer,4049.51,88233.8,kg
504,725,189,423,fertilizer,180.31,39585.74,kg
680,932,145,30,fertilizer,4053.97,74887.29,kg
705,617,123,602,fertilizer,3076.9,433567.83,kg
707,723,177,653,fertilizer,1919.64,130582.7,kg
736,495,200,441,fertilizer,4117.93,458121,kg
787,924,28,608,fertilizer,3566.78,52717.98,kg
789,597,81,113,fertilizer,4372.52,415502.59,kg
804,74,43,5,fertilizer,1997.69,231341.75,kg
807,813,136,432,fertilizer,4210.73,360626.5,kg
840,522,82,680,fertilizer,3706.36,312469.53,kg
847,712,63,713,fertilizer,1578.49,27046.89,kg
909,446,16,448,fertilizer,3654.24,101707.18,kg
926,948,108,86,fertilizer,148.05,398240.24,kg
942,354,75,541,fertilizer,3778.66,34478.13,kg
1007,446,173,263,fertilizer,2553.69,122300.23,kg
1045,654,204,544,fertilizer,1721.88,65819.03,kg
1076,821,183,136,fertilizer,4019.03,49734.32,kg
1080,604,197,160,fertilizer,1092.86,324968.07,kg
1091,589,43,213,fertilizer,4387.4,398717,kg
1144,593,16,430,fertilizer,4402.86,168078.02,kg
1147,140,183,47,fertilizer,4950.06,369619.24,kg
1161,525,203,422,fertilizer,1774.51,206140.95,kg
1190,856,124,693,fertilizer,2842.82,189796.76,kg
1246,460,153,402,fertilizer,2965.2,81653.67,kg
1257,178,115,270,fertilizer,3986.02,456929,kg
1312,244,126,569,fertilizer,1133.73,276944.42,kg
1365,42,208,653,fertilizer,241,102480,kg
1396,1013,186,436,fertilizer,934.22,338435.51,kg
1423,966,33,366,fertilizer,2912.66,182719.99,kg
1425,443,197,113,fertilizer,91.47,409489.82,kg
1432,398,5,406,fertilizer,3633.23,39473.1,kg
1447,371,33,230,fertilizer,1116.86,30599.08,kg
1484,713,193,324,fertilizer,2193.08,185799.98,kg
1498,1025,107,440,fertilizer,606.29,370748.75,kg
1553,240,13,447,fertilizer,2043.71,124549.26,kg
1574,351,129,642,fertilizer,3610.82,13269.23,kg
1592,535,20,204,fertilizer,2176.17,132257.23,kg
1598,189,114,116,fertilizer,2515.83,285735.75,kg
1611,62,20,608,fertilizer,2847.85,358965.91,kg
1616,978,65,621,fertilizer,2669.85,223016.44,kg
1635,93,174,261,fertilizer,717.53,318629,kg
1683,313,179,418,fertilizer,4087.21,178757.11,kg
1695,192,175,159,fertilizer,2373,136112.33,kg
1727,227,210,304,fertilizer,2300.41,384706.18,kg
1763,242,186,278,fertilizer,1738.07,365618.95,kg
1780,581,8,245,fertilizer,2998.21,370396.08,kg
1801,154,178,82,fertilizer,3190.64,232275.87,kg
1810,547,134,13,fertilizer,4566.23,304170.17,kg
1811,502,203,71,fertilizer,409.83,482712.75,kg
1828,791,120,700,fertilizer,4934.5,306457.26,kg
1851,262,193,370,fertilizer,3679.62,307897.79,kg
1877,328,42,156,fertilizer,4182.04,74533.29,kg
1885,741,139,570,fertilizer,2652.16,461610.31,kg
1898,97,122,279,fertilizer,996.37,150605.23,kg
1906,441,140,567,fertilizer,371.3,350957.48,kg
1926,492,122,424,fertilizer,2260.71,450824.25,kg
1973,279,157,24,fertilizer,1511.87,172872.02,kg
2017,722,171,321,fertilizer,2229.71,182011.96,kg
2097,809,49,441,fertilizer,2916.26,239203,kg
2102,995,23,31,fertilizer,1286.02,306646.43,kg
2137,745,55,611,fertilizer,4997.63,125042.82,kg
2174,556,11,557,fertilizer,4765.5,289542.24,kg
2186,47,133,233,fertilizer,375.37,120465,kg
2191,929,154,358,fertilizer,2482.06,4071.73,kg
2263,535,33,271,fertilizer,4999.46,107834.55,kg
2321,931,31,544,fertilizer,3529,193425.1,kg
2329,549,88,583,fertilizer,769.34,142683.61,kg
2350,135,28,331,fertilizer,222.23,165749.4,kg
2352,591,99,620,fertilizer,4961.69,353850.47,kg
2485,389,51,491,fertilizer,4163.21,18146.64,kg
2497,627,66,29,fertilizer,3129.92,40110.37,kg
142,351,175,656,unknown,1216.36,47928.98,kg
348,746,64,299,unknown,56.99,359507.48,kg
1547,67,210,377,unknown,2026.96,365427.77,kg
1566,826,147,489,unknown,3125.81,179252.03,kg
1631,73,92,227,unknown,3729.72,167795.14,kg
1769,100,178,53,unknown,3025.31,318136,kg
1846,672,129,83,unknown,3618.14,315608,kg
1860,913,127,266,unknown,3815.98,42025.71,kg
256,1049,182,424,unknown,468.39,87779.59,litre
343,156,193,70,unknown,568.33,19843.67,litre
487,618,204,688,unknown,848.05,324059.54,litre
546,548,36,122,unknown,4419.27,398131.93,litre
644,76,177,654,unknown,1933.85,355852.95,litre
681,499,12,284,unknown,3625.56,92460.91,litre
719,677,93,608,unknown,2160.55,282044.48,litre
722,7,199,1,unknown,2919.03,493996.23,litre
1345,217,41,8,unknown,3443.03,487398.63,litre
1483,821,50,686,unknown,3960.76,46237.61,litre
1503,584,82,241,unknown,1800.11,121209.71,litre
1516,459,144,476,unknown,3548.66,255374,litre
1597,526,84,305,unknown,3833.39,134711.67,litre
1941,924,104,441,unknown,3659.04,434095.19,litre
2058,575,193,190,unknown,4905.3,163585.66,litre
2077,927,29,77,unknown,4723.43,85923.17,litre
2084,595,179,201,unknown,3219.57,303417.13,litre
2103,680,74,120,unknown,1514.06,404429.78,litre
2210,832,171,146,unknown,2844.4,226794.57,litre
26,818,162,635,pesticide,1153.59,109300.13,litre
95,480,40,157,pesticide,4460.42,149777.57,litre
248,390,74,268,pesticide,475.78,438622.35,litre
254,763,4,621,pesticide,2659.34,160966.67,litre
271,55,3,112,pesticide,2572.38,319433.73,litre
304,973,180,546,pesticide,1256.58,320258.3,litre
335,178,204,608,pesticide,1823.23,235454.68,litre
344,224,160,645,pesticide,2152.48,259346.72,litre
392,13,52,621,pesticide,4082.65,352592,litre
421,781,50,58,pesticide,689.6,-315723.36,litre
438,217,26,15,pesticide,4062.43,487182.09,litre
462,736,28,559,pesticide,2769.28,333266.41,litre
464,230,208,290,pesticide,1774.84,116743.38,litre
532,113,197,181,pesticide,609.51,321675,litre
622,1039,62,371,pesticide,246.37,458457.83,litre
638,449,104,339,pesticide,1807.31,333346.89,litre
685,632,46,151,pesticide,2283.56,51823.17,litre
689,520,151,702,pesticide,2815.07,284373.85,litre
732,123,133,213,pesticide,1704.54,488771.46,litre
772,121,17,539,pesticide,1807.92,421155,litre
788,706,32,134,pesticide,3492.29,357674,litre
793,151,22,557,pesticide,2709.41,169191.76,litre
874,782,43,386,pesticide,3853.49,396397,litre
875,122,192,479,pesticide,894.42,21788.13,litre
924,1016,144,642,pesticide,4303.86,132991.08,litre
1092,580,58,451,pesticide,1368.22,183787.79,litre
1149,672,163,410,pesticide,2296.42,359364.69,litre
1157,897,118,583,pesticide,3334.04,441040.2,litre
1160,542,130,305,pesticide,3819.54,228380.66,litre
1228,930,188,225,pesticide,850.21,490524.17,litre
1254,63,148,630,pesticide,97.38,104309.98,litre
1299,540,133,369,pesticide,4799.62,367109.82,litre
1342,522,158,383,pesticide,593.77,235347.23,litre
1360,1015,159,323,pesticide,1442.3,390459,litre
1376,734,117,130,pesticide,4908.42,166871,litre
1388,1028,23,214,pesticide,4070.74,403043,litre
1393,700,195,141,pesticide,1152.8,298934.34,litre
1410,477,202,328,pesticide,3240.45,400981.17,litre
1422,149,150,248,pesticide,1416.42,18946.18,litre
1517,870,92,280,pesticide,156.31,173134.13,litre
1548,965,19,617,pesticide,2045.64,357479.92,litre
1565,812,29,430,pesticide,2966.36,394801.79,litre
1582,967,99,700,pesticide,3517.29,179909.43,litre
1688,813,40,122,pesticide,551.8,189035.79,litre
1732,138,19,429,pesticide,2305.2,358852.81,litre
1749,520,5,717,pesticide,4960.38,178589,litre
1757,755,153,643,pesticide,3673.78,366625.99,litre
1800,475,182,685,pesticide,3960.31,34329.47,litre
1806,656,194,493,pesticide,4403.54,426450.16,litre
1842,223,161,384,pesticide,3757.7,192963.94,litre
1863,380,20,96,pesticide,1912.83,413235.13,litre
1901,791,117,605,pesticide,65.21,393732,litre
1905,720,120,379,pesticide,3874.49,122661.28,litre
1952,525,82,138,pesticide,570.7,465897.3,litre
2020,837,99,548,pesticide,3463.55,206414.44,litre
2023,235,156,291,pesticide,1725.33,243709.24,litre
2081,873,180,72,pesticide,4883.57,379839.36,litre
2092,173,144,547,pesticide,1808.59,272005.02,litre
2117,273,164,468,pesticide,3823.57,89854.32,litre
2229,847,125,673,pesticide,2984.38,286258,litre
2270,7,170,261,pesticide,4233,353712.36,litre
2271,827,111,703,pesticide,499.72,412846,litre
2280,297,26,362,pesticide,4291.85,302579.94,litre
2303,553,92,370,pesticide,4275.36,496415.67,litre
2309,769,173,271,pesticide,3229.63,428754.31,litre
2335,594,47,674,pesticide,124.62,154416.84,litre
2357,583,156,219,pesticide,2879.28,83472.75,litre
2417,510,58,94,pesticide,2819.54,182049.2,litre
2452,234,61,213,pesticide,166.72,472755.48,litre
2491,435,128,21,pesticide,3145.4,457593.82,litre
13,40,121,719,water,4555.21,308756.66,litre
105,604,108,481,water,3851.71,362456.4,litre
120,256,36,425,water,1547.09,65210.95,litre
124,792,130,327,water,4920.92,407551.31,litre
193,973,61,356,water,2937.91,358613.47,litre
272,626,148,255,water,2425.01,336528.46,litre
280,65,4,728,water,3445.26,403245.4,litre
294,508,151,376,water,326.95,17898.9,litre
430,806,169,448,water,4685.05,41151.15,litre
440,428,104,130,water,1019.35,102764.06,litre
469,990,114,571,water,1665.82,119519.26,litre
496,160,20,40,water,1024.91,492981.26,litre
523,754,58,244,water,1137.13,107197.37,litre
537,788,71,249,water,3918.34,438881.98,litre
572,92,173,579,water,3247.81,271272.75,litre
587,120,31,321,water,670.6,87595.35,litre
588,401,14,652,water,4437.3,310942.29,litre
625,321,28,145,water,4434.94,483967.44,litre
632,613,87,691,water,3531.75,111864.5,litre
639,336,125,444,water,211.67,60080.73,litre
667,832,155,404,water,4329.4,333757.37,litre
712,568,112,711,water,594.7,412266.62,litre
721,3,47,595,water,3850.35,164354.71,litre
771,510,134,476,water,1049.94,145834.71,litre
784,512,112,380,water,4502.83,292412.11,litre
791,464,41,77,water,3341.24,384345.05,litre
795,207,104,669,water,2501.73,212256.11,litre
798,94,144,661,water,1895.38,67739.12,litre
812,671,122,254,water,2515.76,325674.78,litre
831,1049,182,214,water,2.74,92074.55,litre
980,275,150,348,water,4058.81,352959.83,litre
983,701,9,666,water,129.24,192512,litre
984,463,81,198,water,3574.03,140882.74,litre
1009,936,44,168,water,2309,3653.35,litre
1075,661,186,35,water,1511.63,393072,litre
1151,1018,179,549,water,2123.08,102673.64,litre
1162,984,70,283,water,4450.6,178356.81,litre
1187,806,102,23,water,804.13,287180.16,litre
1234,733,131,310,water,3237.52,52234.88,litre
1245,202,52,354,water,3459.65,115061.45,litre
1294,182,154,48,water,4999.84,297658.17,litre
1308,80,151,90,water,2759.45,474550.88,litre
1341,1009,50,230,water,1120.09,270554.96,litre
1362,272,183,500,water,4290.16,399684.54,litre
1408,412,95,600,water,2512.66,336752.43,litre
1471,783,86,356,water,340.49,486060.94,litre
1476,772,205,105,water,2856.45,4060.21,litre
1488,135,197,496,water,892.02,426028.2,litre
1552,818,123,114,water,2253.33,202523.11,litre
1560,453,158,709,water,1268.18,272548.97,litre
1600,392,80,255,water,4410.11,248317.69,litre
1612,477,65,191,water,2247.04,322784.04,litre
1620,72,7,166,water,2158.72,135591.5,litre
1625,372,17,90,water,2005.26,364842.37,litre
1649,480,2,332,water,3493.8,333716,litre
1667,406,67,6,water,1388.08,206136.01,litre
1696,922,9,242,water,266.78,155724.8,litre
1702,898,137,418,water,-4,445661.69,litre
1739,64,145,341,water,4046.59,66093.62,litre
1783,816,201,712,water,3872.7,489409,litre
1807,624,207,468,water,599.27,143367,litre
1867,531,162,671,water,4850.75,182050.5,litre
1882,594,60,159,water,3015.72,117067.31,litre
1884,528,89,721,water,1150.31,360514.08,litre
1968,625,60,61,water,3296.98,401432.1,litre
1975,768,204,179,water,-2,221754,litre
2005,276,94,131,water,977.99,73971.74,litre
2040,648,88,659,water,1512.68,40001,litre
2051,677,19,123,water,2723.04,84099.58,litre
2090,256,118,575,water,1381.28,230407.84,litre
2145,11,50,222,water,3664.65,241643.94,litre
2168,931,43,440,water,2382.82,86559,litre
2231,826,42,473,water,3134.72,142534.97,litre
2233,262,205,205,water,-4,191806.39,litre
2240,22,163,727,water,557.85,237411.8,litre
2242,72,177,681,water,1243.01,4028.22,litre
2268,329,95,543,water,3231.67,131657.75,litre
2297,93,139,722,water,329.76,74687.82,litre
2311,157,158,126,water,1865.4,173181.31,litre
2377,132,72,236,water,1924.98,176898.8,litre
2409,1047,147,525,water,940.69,276387.94,litre
2420,21,138,640,water,2417.06,171283.74,litre
2484,789,166,631,water,314.65,165029.86,litre
2490,783,62,256,water,2605.62,363940.95,litre
11,843,85,121,seed,3319.35,97152.69,litre
28,785,160,587,seed,4470.4,219044.3,litre
58,431,32,148,seed,2287.49,96749.34,litre
63,843,88,516,seed,3348.18,490350.96,litre
79,354,67,63,seed,4810.44,374027.93,litre
106,404,157,438,seed,292.5,404835.63,litre
128,433,111,697,seed,2128.35,210870.08,litre
140,661,53,256,seed,1772.58,23623.48,litre
166,246,210,657,seed,4076.39,39642.68,litre
213,873,161,152,seed,1677.03,174224.12,litre
217,126,145,57,seed,481.21,233980.51,litre
242,54,12,387,seed,1875.93,355741.69,litre
277,464,102,111,seed,1341.9,168462.12,litre
291,1010,66,483,seed,4635.47,234033,litre
296,1046,117,721,seed,2192.19,95039.56,litre
361,353,44,665,seed,798.71,459252.31,litre
391,5,25,48,seed,2083.06,402592.79,litre
401,796,143,491,seed,2362.7,39982.45,litre
444,499,62,394,seed,4975.97,364924,litre
466,407,80,199,seed,2056.28,59744.9,litre
473,987,200,262,seed,2090.48,4630.16,litre
489,80,9,89,seed,2526.56,148507.89,litre
549,927,173,414,seed,557.61,172080.36,litre
589,327,193,133,seed,1899.12,249641.27,litre
631,385,114,627,seed,4803.36,471756.83,litre
652,603,25,91,seed,1833.72,307237.38,litre
655,432,54,22,seed,4646.81,72276.98,litre
662,171,22,288,seed,746.94,273826.58,litre
744,283,138,716,seed,823.37,302527.13,litre
820,372,160,402,seed,4949.4,342758.72,litre
822,586,135,273,seed,4116.66,12864.84,litre
826,444,142,392,seed,4444.12,204966.04,litre
859,486,160,330,seed,2381.08,17948.97,litre
869,640,190,328,seed,4371.98,112403.48,litre
888,169,117,257,seed,1493.29,379461.38,litre
903,354,199,179,seed,4651.42,7112,litre
951,985,36,518,seed,2518.15,406113.63,litre
952,533,97,150,seed,3612.52,184621.03,litre
1002,1043,5,352,seed,1382.95,73212.41,litre
1033,866,146,280,seed,1236.26,23757.33,litre
1061,140,115,134,seed,689.88,175981.69,litre
1064,1041,180,555,seed,1384.72,142655.24,litre
1088,237,89,648,seed,948.91,451487.87,litre
1099,514,119,348,seed,146.73,319679.51,litre
1112,862,86,59,seed,4312.86,290252.77,litre
1145,226,197,540,seed,3612.15,194065.39,litre
1193,69,46,531,seed,1290.79,371928.39,litre
1217,329,187,5,seed,93.74,72405.41,litre
1231,1038,123,441,seed,1052.13,370858.66,litre
1261,650,141,113,seed,3717.58,396766.39,litre
1274,300,89,581,seed,4076.54,232382.91,litre
1309,842,204,676,seed,2564.49,37442.67,litre
1316,535,177,682,seed,3133.85,493119.06,litre
1374,502,138,541,seed,1795.49,138412,litre
1380,587,163,161,seed,1953.17,296041.99,litre
1395,182,12,365,seed,920.84,150941.11,litre
1414,756,26,700,seed,4044.2,148844.67,litre
1451,718,167,710,seed,4581.62,294131.95,litre
1454,913,128,615,seed,2154.23,353763.27,litre
1511,44,123,503,seed,3904.55,383710.4,litre
1585,83,177,318,seed,2163.83,212483.11,litre
1595,758,42,23,seed,1870.73,258384.13,litre
1601,624,91,162,seed,3484.01,237380.89,litre
1602,975,139,669,seed,1449.48,324681.01,litre
1632,753,191,104,seed,4442.35,98586.29,litre
1675,729,54,78,seed,250.98,476005.87,litre
1682,93,169,301,seed,252.9,157398.5,litre
1793,502,42,169,seed,-4,315347.02,litre
1822,392,158,337,seed,2996.41,61072.7,litre
1858,586,169,515,seed,2375.38,407651.02,litre
1907,53,116,267,seed,1366.32,116409.41,litre
1942,807,46,313,seed,170.78,430746.13,litre
1944,468,126,42,seed,1122.83,422280.7,litre
1958,163,127,58,seed,2074.2,105737.58,litre
2071,602,68,13,seed,209.9,465384.18,litre
2116,717,41,653,seed,1943.41,284371.7,litre
2129,201,88,322,seed,1957.79,231817.25,litre
2139,217,59,26,seed,1531.34,361343.2,litre
2162,780,193,345,seed,2447.95,350860.14,litre
2172,822,113,518,seed,2677.01,302878.39,litre
2200,535,102,212,seed,1023.99,198445.08,litre
2234,1048,134,639,seed,2794.34,486569.28,litre
2276,18,120,568,seed,4780.51,55654.93,litre
2291,209,135,148,seed,2902.42,192873.52,litre
2312,905,53,247,seed,1412.52,49956.38,litre
2313,131,54,525,seed,1330.36,106470.49,litre
2391,358,90,528,seed,2336.89,419114.7,litre
2498,219,67,468,seed,2915.48,389583.87,litre
55,337,102,248,fertilizer,3271.51,403018,litre
85,693,10,615,fertilizer,4249.65,282185.53,litre
88,155,31,211,fertilizer,1125.94,202235.54,litre
198,116,145,362,fertilizer,643.67,394913.69,litre
210,174,167,272,fertilizer,1939.42,155845.99,litre
229,358,47,586,fertilizer,1233.25,448481.12,litre
233,790,80,699,fertilizer,3289.68,153852.14,litre
301,105,45,536,fertilizer,4392.37,259386.98,litre
306,282,151,551,fertilizer,3843.69,57647.82,litre
342,94,85,290,fertilizer,805.17,61351.18,litre
376,311,107,282,fertilizer,4396.1,151999.06,litre
417,439,5,151,fertilizer,2063.3,424359.26,litre
446,713,89,521,fertilizer,3957.09,175005.67,litre
471,631,108,337,fertilizer,2112.63,27055.24,litre
486,461,54,519,fertilizer,4552.69,242594.67,litre
517,73,129,156,fertilizer,3443.94,261901,litre
535,753,130,440,fertilizer,4551,106692.14,litre
600,1029,1,531,fertilizer,2215.13,207371,litre
694,750,101,486,fertilizer,1525.96,253836,litre
708,813,5,421,fertilizer,151.09,13738.72,litre
716,100,27,301,fertilizer,4728.38,113463.92,litre
727,707,125,410,fertilizer,4123.4,468994.96,litre
739,941,147,680,fertilizer,3370.09,161452.83,litre
745,839,128,666,fertilizer,167.6,95296.25,litre
792,682,48,627,fertilizer,4105.68,236435.32,litre
845,245,109,253,fertilizer,1608.74,353062.48,litre
884,1042,206,27,fertilizer,2523.43,57832.13,litre
898,952,58,726,fertilizer,1457.01,172800.43,litre
912,61,4,187,fertilizer,2534.2,26035.19,litre
940,508,41,184,fertilizer,2086.74,419534.89,litre
955,628,21,565,fertilizer,3152.4,94633,litre
1003,1025,156,44,fertilizer,3410.67,3073,litre
1020,769,147,586,fertilizer,56.53,85793.16,litre
1031,27,26,254,fertilizer,441.13,364345.34,litre
1094,40,188,306,fertilizer,1179.69,43541.68,litre
1120,931,69,348,fertilizer,4175.1,465600.67,litre
1128,960,95,654,fertilizer,3491.87,38934.55,litre
1141,811,199,678,fertilizer,1724.96,328420.52,litre
1164,465,152,663,fertilizer,1826.41,476669.09,litre
1168,498,53,426,fertilizer,3852.52,438866.04,litre
1200,34,39,237,fertilizer,2708.27,314407.53,litre
1225,624,53,110,fertilizer,564.68,439117,litre
1266,242,34,487,fertilizer,3015.78,157107.76,litre
1356,468,33,552,fertilizer,2778.17,349857.96,litre
1367,856,81,382,fertilizer,3196.57,69751.07,litre
1389,777,202,542,fertilizer,3003.17,284738.54,litre
1415,308,113,375,fertilizer,3716.57,460697,litre
1456,203,200,174,fertilizer,3855.51,23140.52,litre
1478,947,54,711,fertilizer,4179.78,119928.85,litre
1526,84,33,298,fertilizer,2390.62,41490.17,litre
1527,101,190,699,fertilizer,333.64,223606.44,litre
1550,131,37,431,fertilizer,1407.34,15626.94,litre
1559,767,153,27,fertilizer,3761.91,19096,litre
1593,136,206,492,fertilizer,46.3,402293.06,litre
1653,232,160,448,fertilizer,178.98,226981.24,litre
1691,602,115,355,fertilizer,2865.19,137476.49,litre
1692,206,36,132,fertilizer,4532.19,457562.13,litre
1711,290,198,227,fertilizer,1121.28,451715.86,litre
1741,408,206,723,fertilizer,1127.84,121444.75,litre
1742,725,89,91,fertilizer,2931.73,276075.94,litre
1743,300,50,646,fertilizer,4177.6,421823.3,litre
1767,523,146,277,fertilizer,60.33,249631.43,litre
1770,454,25,359,fertilizer,4113.26,151336.7,litre
1774,378,51,226,fertilizer,3529.37,205414.64,litre
1778,509,73,370,fertilizer,219.29,358196.27,litre
1784,125,170,93,fertilizer,-1,394091,litre
1813,228,71,472,fertilizer,2578.69,256729.29,litre
1869,642,191,681,fertilizer,2077.08,102091.36,litre
1879,608,76,520,fertilizer,2339.52,236050.91,litre
1953,202,154,197,fertilizer,4477.59,207750.23,litre
1971,91,174,342,fertilizer,3369.17,292609.37,litre
2086,952,19,721,fertilizer,1687.69,422533.72,litre
2120,920,66,115,fertilizer,1479.15,381059.34,litre
2135,437,119,325,fertilizer,2573.29,37287.11,litre
2150,374,76,592,fertilizer,1659.38,359454.57,litre
2159,660,126,605,fertilizer,2035.51,83514.37,litre
2164,621,164,61,fertilizer,3355.83,317989.34,litre
2167,781,16,524,fertilizer,2153.76,383059.03,litre
2180,228,70,592,fertilizer,2548.12,4242.13,litre
2187,72,76,543,fertilizer,1767.07,100653.88,litre
2207,662,194,513,fertilizer,4910.64,80320.43,litre
2220,320,34,43,fertilizer,1569.09,359303.32,litre
2238,69,110,91,fertilizer,4899.05,497182,litre
2239,556,19,158,fertilizer,3861.93,48073.95,litre
2253,900,169,644,fertilizer,1465.56,319460.63,litre
2358,958,201,559,fertilizer,4254.66,44433.19,litre
2370,969,97,134,fertilizer,404.42,200401.8,litre
2431,383,149,559,fertilizer,4052.26,155175.15,litre
2444,848,44,322,fertilizer,921.4,154369.43,litre
2447,27,110,313,fertilizer,4789.15,302366.21,litre
2474,400,52,558,fertilizer,1013.83,207860,litre
2478,984,28,612,fertilizer,1761.66,432824.64,litre
2481,330,41,220,fertilizer,1639.46,196245.09,litre
2483,293,24,663,fertilizer,394.45,352900.03,litre
109,954,115,69,labour,3531.01,386461,litre
115,801,82,12,labour,4720.55,322650.83,litre
116,630,167,10,labour,2119.87,202561.79,litre
117,184,109,31,labour,812,5143.25,litre
153,409,109,339,labour,2731.38,341699.75,litre
170,113,25,71,labour,1090.9,405156.5,litre
175,241,192,635,labour,467.87,104052.54,litre
222,689,25,94,labour,1021.37,299369.77,litre
227,344,131,683,labour,3405.6,422402.78,litre
231,504,122,14,labour,3153.64,260803.21,litre
261,365,1,434,labour,2634.38,455071.5,litre
275,547,159,540,labour,3453.26,184537.13,litre
281,43,68,468,labour,926.5,329523,litre
293,444,175,251,labour,2044.06,464309.34,litre
353,429,165,183,labour,1437.86,91800.23,litre
355,580,95,123,labour,3706.07,19501.31,litre
365,129,117,298,labour,4932.19,368714.32,litre
366,1031,162,85,labour,3839.72,292447.03,litre
456,93,52,391,labour,3422.3,175230.95,litre
506,917,116,616,labour,4848.72,335518.8,litre
533,222,35,326,labour,1710.3,394752.09,litre
615,756,108,725,labour,4779.91,189871.48,litre
624,580,33,359,labour,832.68,257625.91,litre
663,420,29,115,labour,2593,67064.16,litre
741,571,31,667,labour,4259.25,91850.73,litre
761,386,129,682,labour,4363.5,364019.76,litre
781,41,27,89,labour,1182.03,209238.12,litre
805,489,160,220,labour,1171.04,114127.55,litre
860,866,164,591,labour,3263.36,18163.86,litre
863,689,88,260,labour,3149.72,357555.73,litre
890,286,188,348,labour,2592.71,385388.24,litre
896,697,25,152,labour,4553.53,271959.65,litre
906,684,175,523,labour,3566.15,363752.61,litre
914,302,65,168,labour,2370.9,344471.43,litre
920,982,133,81,labour,2055.92,172784,litre
946,969,8,218,labour,2310.2,428890.97,litre
958,90,89,142,labour,61,195674.32,litre
982,899,147,522,labour,3787.5,245640.91,litre
1048,870,44,340,labour,1325.64,82542.11,litre
1098,782,137,256,labour,3433.94,5792.69,litre
1131,401,195,552,labour,797.39,314841,litre
1146,366,41,558,labour,4469.41,289825.66,litre
1174,742,36,7,labour,1145.26,448976.03,litre
1179,455,107,704,labour,106.35,259473.81,litre
1204,614,92,710,labour,3013.69,209252.13,litre
1250,909,209,330,labour,228.37,148157.16,litre
1260,604,194,24,labour,4768.09,341135.33,litre
1277,518,6,649,labour,1171.24,315158.71,litre
1343,853,114,646,labour,2854.13,252964.89,litre
1378,319,102,63,labour,1322.5,403718.78,litre
1385,1000,57,239,labour,1643.8,312084.49,litre
1400,34,61,77,labour,1847.79,219714.73,litre
1405,375,37,46,labour,4578.89,256999.26,litre
1416,399,10,260,labour,681.75,11586.46,litre
1440,293,13,12,labour,1267.37,344166.79,litre
1441,944,33,505,labour,828.03,318871.9,litre
1450,511,50,226,labour,1812.81,444549.06,litre
1479,538,6,236,labour,3317.59,409100.03,litre
1486,986,60,110,labour,3104.32,229451,litre
1535,756,79,631,labour,4193.35,150616.12,litre
1537,824,58,564,labour,1928.59,73358.13,litre
1556,778,3,406,labour,4462.25,183068.5,litre
1562,1039,166,406,labour,242.74,231848.71,litre
1594,542,188,190,labour,1409.38,447527.97,litre
1634,324,192,603,labour,1616.46,483119.41,litre
1659,809,58,40,labour,1459.12,245720,litre
1686,929,152,177,labour,2034.92,193359.51,litre
1703,1045,73,592,labour,1668.46,110766,litre
1705,569,158,28,labour,654.44,265901.31,litre
1733,515,164,537,labour,186.44,15457.42,litre
1854,132,171,293,labour,1510.65,492320.86,litre
1897,1000,157,621,labour,737.84,351629.25,litre
1920,188,199,723,labour,718.13,289641.38,litre
1928,241,6,516,labour,3792.11,458599.5,litre
1931,724,15,281,labour,3626.77,10337,litre
1978,361,153,400,labour,352.23,209508.26,litre
1979,280,101,564,labour,2308.48,285124.97,litre
1981,97,27,265,labour,4842.13,81837.98,litre
2000,16,208,335,labour,2900.86,173123.7,litre
2031,650,94,11,labour,1635.69,44106.64,litre
2083,965,44,459,labour,3951.34,108169.84,litre
2089,302,32,12,labour,3001.41,72046.09,litre
2095,402,184,419,labour,655.61,372912.66,litre
2126,887,60,590,labour,1012.25,91460.64,litre
2136,114,156,678,labour,543.85,438835.74,litre
2147,293,66,85,labour,2714.83,275551.99,litre
2230,260,32,63,labour,1747.65,360503.76,litre
2279,226,34,98,labour,3455.95,393016.3,litre
2299,44,47,533,labour,107.53,187982.82,litre
2336,691,49,253,labour,2680.01,51995.73,litre
2396,97,29,171,labour,1092.97,429924.07,litre
2410,70,98,318,labour,3558.41,153284.16,litre
2418,353,31,171,labour,1241.91,450808.5,litre
2430,261,60,715,labour,3893.58,302819.49,litre
2445,359,24,127,labour,1449.38,257562.04,litre
2463,40,41,294,labour,895.36,124576.84,litre
2493,68,93,151,labour,2704.87,251461.15,litre
15,700,79,293,labour,3861.95,318294.56,unknown
186,654,103,274,labour,2375.37,405252.51,unknown
234,240,138,493,labour,4380.81,180444.42,unknown
255,488,83,469,labour,2798.17,354876,unknown
260,28,199,452,labour,2566.8,78116.71,unknown
264,601,83,346,labour,3189.84,151156.58,unknown
276,589,75,297,labour,1966.58,140973.62,unknown
312,747,171,723,labour,975.84,241211.35,unknown
340,138,118,411,labour,2220.85,130554.52,unknown
360,602,197,31,labour,3177.58,189622.18,unknown
405,665,163,418,labour,3822.57,43172.67,unknown
412,843,172,291,labour,3072.85,358801.18,unknown
449,534,184,635,labour,4147.43,459688.56,unknown
477,961,128,618,labour,1966.23,471811.95,unknown
488,772,85,263,labour,3480.9,238601.16,unknown
500,815,102,219,labour,2553.01,182277.95,unknown
515,349,66,207,labour,4925.89,311632.99,unknown
545,725,200,142,labour,4117.82,327315.84,unknown
564,839,59,712,labour,877.28,457993.96,unknown
580,475,168,145,labour,1939.68,485634.42,unknown
584,555,58,380,labour,258.67,52091.75,unknown
605,661,44,616,labour,2710.6,398772.65,unknown
613,857,70,435,labour,902.87,98155.22,unknown
618,420,8,705,labour,3248.23,289042.09,unknown
674,811,179,697,labour,2361.62,389574.29,unknown
730,5,48,451,labour,3878.93,429798,unknown
764,357,203,30,labour,897.29,164921.42,unknown
785,683,20,103,labour,2776.06,60458.62,unknown
799,116,96,436,labour,2460.74,393727.14,unknown
803,832,62,293,labour,-4,125230.34,unknown
811,688,83,552,labour,3524.15,313474.96,unknown
834,524,63,551,labour,3751.63,380544.57,unknown
1040,135,90,158,labour,3411.16,90532.13,unknown
1051,403,210,637,labour,2339.78,181506.04,unknown
1062,844,179,585,labour,2759.27,275724,unknown
1067,903,129,272,labour,4110.09,54349.65,unknown
1079,421,197,482,labour,2990.27,106147.58,unknown
1117,198,203,15,labour,3514.26,103438.94,unknown
1156,302,129,669,labour,2616.08,82329.63,unknown
1172,848,59,160,labour,1779.96,93639.31,unknown
1219,235,189,719,labour,2612.74,20998.85,unknown
1238,987,174,286,labour,4895.58,436361,unknown
1243,492,198,488,labour,2505.78,104562.86,unknown
1431,462,44,628,labour,1906.31,395197.89,unknown
1467,942,30,117,labour,2366.24,8157.4,unknown
1492,988,204,330,labour,1597.91,81069,unknown
1564,893,15,67,labour,1204.84,354808.98,unknown
1575,810,151,602,labour,240.56,427675.53,unknown
1648,338,12,505,labour,1603.68,377357.56,unknown
1678,228,27,92,labour,2544.92,99272.73,unknown
1680,686,33,534,labour,4630.64,431579.37,unknown
1716,1011,105,638,labour,4900.73,271795.81,unknown
1724,994,189,657,labour,147.69,99567.65,unknown
1808,39,12,487,labour,1266.09,327205.24,unknown
1829,136,28,418,labour,143.18,443591.52,unknown
1853,437,116,365,labour,4883.14,323113.8,unknown
1870,111,22,42,labour,2262.74,481483.12,unknown
1873,642,61,297,labour,2524.26,443639.99,unknown
1875,1005,14,303,labour,3215.25,436708.45,unknown
1923,858,26,187,labour,4453.46,142137.88,unknown
2013,984,97,335,labour,1293.76,405680.29,unknown
2105,920,175,645,labour,715.32,432375.21,unknown
2153,978,62,255,labour,4174.31,490241.84,unknown
2212,51,174,615,labour,4666.56,173319.51,unknown
2326,698,180,710,labour,2503.25,12565.92,unknown
2363,546,115,676,labour,2528.34,283355.03,unknown
2380,935,140,5,labour,3083.54,362590,unknown
2381,1050,55,681,labour,3118.97,498280.89,unknown
2440,712,82,640,labour,2620.45,470608.8,unknown
2464,135,165,357,labour,4416.91,407880,unknown
2467,241,98,705,labour,3852.1,411038.89,unknown
4,390,163,391,pesticide,183.11,406831.44,unknown
7,465,194,206,pesticide,2635.73,496551.68,unknown
17,141,165,548,fertilizer,3023.75,244068.78,unknown
93,689,91,410,pesticide,1072.95,454054.15,unknown
102,811,42,214,seed,3758.11,94189.42,unknown
103,371,147,585,water,3824.49,461613.12,unknown
108,604,147,454,pesticide,1567.83,488682.04,unknown
138,256,55,369,seed,2136.41,463203.56,unknown
159,961,40,723,pesticide,4916.06,52671.98,unknown
163,833,58,6,seed,3483.92,8335.4,unknown
167,362,85,515,seed,1373.9,292078.66,unknown
176,648,62,218,fertilizer,2311.21,45444.58,unknown
181,353,46,510,seed,3707.34,36285.06,unknown
187,541,44,564,water,4815.57,397161.28,unknown
228,968,144,203,fertilizer,4006.85,332026.12,unknown
235,224,80,710,seed,4486.27,206918.89,unknown
252,596,81,415,seed,416.52,348550.25,unknown
262,369,178,91,water,2492.79,151639.34,unknown
263,560,156,554,pesticide,565.32,141860.06,unknown
265,722,19,410,seed,3358.59,28454.78,unknown
297,855,13,474,seed,3851.87,194988.62,unknown
298,81,106,127,pesticide,1868.36,409004.59,unknown
307,1009,204,272,water,2309.25,87277.4,unknown
311,284,192,227,fertilizer,4610.59,252132.22,unknown
313,1021,206,588,fertilizer,1554.88,75001.45,unknown
319,1036,143,352,water,3257.58,114304.31,unknown
326,681,190,293,water,347.72,25585.37,unknown
331,1034,44,475,seed,1071.21,446129.19,unknown
347,128,120,410,fertilizer,3685.39,69253.86,unknown
350,440,55,533,water,4766.11,159598.46,unknown
368,476,187,22,pesticide,59.02,251655.8,unknown
377,583,135,291,seed,3409.41,291842,unknown
393,231,176,486,fertilizer,610.82,158703.92,unknown
404,600,104,240,pesticide,3712.18,151361.05,unknown
407,899,112,662,water,3107.28,70719.1,unknown
419,875,11,537,pesticide,686.65,380509.28,unknown
423,649,80,692,pesticide,4141.53,154449.17,unknown
439,94,57,140,water,1737.06,6055,unknown
451,577,19,93,pesticide,974.91,228389.1,unknown
453,563,194,436,pesticide,4607.49,327337.04,unknown
470,381,29,211,fertilizer,2491.45,422625.92,unknown
495,138,150,324,fertilizer,1443.58,234770.96,unknown
501,546,158,219,fertilizer,2067.31,233029.04,unknown
525,537,155,350,pesticide,977.34,278480.02,unknown
539,607,183,404,fertilizer,3228.92,280540.54,unknown
570,678,71,217,water,859.52,384568.4,unknown
604,200,202,705,water,4063.42,349966.15,unknown
606,710,78,296,seed,186.76,408728.94,unknown
609,164,143,37,pesticide,419.76,412644.96,unknown
614,466,198,278,pesticide,501.68,186495.41,unknown
616,754,141,111,water,4729.83,83872,unknown
619,884,195,494,seed,3812.74,400179.53,unknown
630,55,35,117,seed,978.93,112089.32,unknown
635,305,14,379,fertilizer,843.1,275976.37,unknown
645,417,64,56,water,905.15,446479.88,unknown
646,293,195,579,pesticide,3760.87,465647.17,unknown
649,652,71,93,fertilizer,2667.8,281744.12,unknown
660,160,162,691,fertilizer,1076.91,409525.32,unknown
668,740,68,180,seed,3029.02,90912.35,unknown
683,674,107,440,seed,4238.31,184013.96,unknown
686,27,158,660,pesticide,4693.8,195537,unknown
692,321,153,275,pesticide,668.03,63152.25,unknown
695,970,113,240,seed,2012.74,81341.24,unknown
709,198,100,394,water,3899.97,303787.59,unknown
729,148,201,81,pesticide,4213.22,361045.78,unknown
740,1011,135,166,pesticide,980.35,208251.8,unknown
747,632,135,199,seed,1353.63,47884.04,unknown
754,964,49,37,pesticide,2045.88,492421.33,unknown
755,399,107,519,pesticide,1401.86,415733.93,unknown
766,251,154,576,seed,2331.93,459937.91,unknown
773,313,192,96,water,3438.49,316472.95,unknown
794,1047,132,677,water,2074.78,466290.25,unknown
796,543,59,479,pesticide,1318.55,187851.75,unknown
801,364,140,627,seed,2723.15,73249.9,unknown
823,447,57,226,seed,3097.58,495315.89,unknown
832,5,136,474,seed,3984.78,131053.41,unknown
841,958,148,97,seed,1208.01,423070.81,unknown
850,496,200,558,pesticide,2348.35,424954.89,unknown
856,551,142,317,fertilizer,580.77,434143.93,unknown
868,344,147,16,seed,3914.07,237575,unknown
873,857,202,221,fertilizer,3609.6,430112.14,unknown
886,393,80,433,pesticide,2655.77,36371,unknown
894,517,25,269,seed,1581.38,292604.1,unknown
915,704,27,339,water,2968.93,32214.09,unknown
929,646,199,353,pesticide,4428.32,268901,unknown
948,953,119,38,water,1049.1,374428.52,unknown
950,274,103,694,fertilizer,2524.42,295864.23,unknown
974,2,205,291,water,216.52,242110.72,unknown
1057,624,124,32,fertilizer,396.35,118189.92,unknown
1059,353,115,352,pesticide,2220.77,363301.97,unknown
1105,585,172,513,fertilizer,3299.11,419518.7,unknown
1107,641,190,144,fertilizer,3165.14,186513.35,unknown
1114,84,109,529,seed,3708.62,9772.75,unknown
1118,581,197,441,water,901.7,145554.75,unknown
1127,989,121,710,water,1963.42,306727.43,unknown
1135,258,37,87,water,1508.85,203798.16,unknown
1138,385,101,203,water,2712.99,436778,unknown
1142,431,148,343,pesticide,1579.68,497798.53,unknown
1154,1005,151,446,pesticide,4929.33,13578.12,unknown
1177,91,128,516,seed,4061.87,379497.33,unknown
1199,534,33,169,seed,599.38,155302.77,unknown
1214,18,130,522,water,4958.09,337064.41,unknown
1221,279,81,81,water,3478.93,426827.46,unknown
1222,179,143,674,seed,2305.49,83700.35,unknown
1242,696,182,429,pesticide,4913.24,317558.73,unknown
1265,365,163,40,fertilizer,4876.9,182453,unknown
1269,762,150,343,seed,1598.49,294384.52,unknown
1280,31,119,631,fertilizer,1614.75,385916.63,unknown
1283,148,46,48,fertilizer,1127.25,139045.57,unknown
1289,857,138,133,fertilizer,2545.49,99350.51,unknown
1290,626,199,576,water,3005.49,423065.15,unknown
1298,601,67,378,pesticide,4570.16,69060.79,unknown
1307,438,26,574,fertilizer,4860.8,467986,unknown
1322,340,192,664,fertilizer,594.22,35768,unknown
1324,810,106,112,unknown,2707.86,373813.86,unknown
1325,386,111,240,fertilizer,146.02,246308.23,unknown
1333,361,75,560,fertilizer,1688.82,462218.3,unknown
1335,421,206,587,fertilizer,681.38,42048.59,unknown
1344,377,17,267,water,2124.27,297932.99,unknown
1346,52,22,723,water,1316.26,461036.63,unknown
1366,579,108,634,pesticide,2969.68,275245.19,unknown
1403,700,22,32,seed,121.29,239924.68,unknown
1409,38,102,153,seed,1604.74,376068.94,unknown
1429,1041,3,338,pesticide,2286.86,429525.6,unknown
1435,663,109,593,pesticide,582.36,208414.55,unknown
1436,360,134,230,pesticide,2890.51,272165.15,unknown
1442,740,185,389,pesticide,882.73,270487.69,unknown
1462,913,209,547,fertilizer,1406.21,268129,unknown
1477,805,10,74,fertilizer,1367.47,125879,unknown
1481,553,138,41,seed,3688.87,409969.3,unknown
1506,348,156,359,fertilizer,1526.58,137473.04,unknown
1514,555,126,147,seed,4412.56,383235.75,unknown
1518,1036,173,418,fertilizer,1790.55,136110.09,unknown
1522,39,59,511,fertilizer,564.23,295161.76,unknown
1524,34,11,582,water,4119.83,183459.67,unknown
1538,36,58,50,water,2764.81,102127.68,unknown
1549,244,177,727,water,2222.43,148168.46,unknown
1577,428,118,689,seed,3165.29,262509.31,unknown
1604,970,166,350,seed,815.96,493208.45,unknown
1609,947,203,316,fertilizer,2422.85,377482.6,unknown
1641,699,117,140,pesticide,3471.62,396947.22,unknown
1654,634,165,608,seed,3128.12,216.85,unknown
1657,1013,74,704,water,3682.33,191481.07,unknown
1663,162,106,267,water,4878.59,141035.23,unknown
1666,488,156,620,unknown,3125.94,376776.01,unknown
1677,383,206,626,fertilizer,596.52,433436.82,unknown
1693,366,162,203,pesticide,1238.64,43486.66,unknown
1700,666,144,619,pesticide,4825,378619.66,unknown
1708,234,169,172,pesticide,4600.16,55775.08,unknown
1725,283,115,369,seed,4547.41,293834.39,unknown
1730,326,157,372,seed,-5,354616.87,unknown
1759,490,115,467,water,2257.65,69080.7,unknown
1777,325,81,54,fertilizer,176.46,187880.02,unknown
1790,995,199,667,pesticide,4756.9,254978.59,unknown
1791,349,111,22,unknown,726.69,353040.05,unknown
1816,866,2,617,seed,1211.96,473992.82,unknown
1830,596,14,177,fertilizer,3648.96,166569.82,unknown
1832,463,30,247,fertilizer,2857.84,89575.18,unknown
1833,167,188,9,fertilizer,1284.07,388447.22,unknown
1845,78,55,226,fertilizer,4185.92,396744,unknown
1847,720,108,650,water,2975,367465.28,unknown
1852,836,90,277,fertilizer,1411.32,55420.67,unknown
1857,1021,129,36,fertilizer,2623.29,334164,unknown
1865,45,86,179,seed,4000.1,477573.78,unknown
1887,907,17,311,fertilizer,353.25,109452.95,unknown
1890,152,152,456,pesticide,4686.47,231349.41,unknown
1922,359,139,319,seed,-1,63863.71,unknown
1938,361,134,401,water,1306.32,493158.17,unknown
1949,332,86,528,water,3409.83,279965.02,unknown
1957,719,117,457,seed,2947.41,19461.3,unknown
1963,748,187,436,seed,437.53,346595.51,unknown
1976,814,80,206,fertilizer,4719.47,131438.02,unknown
1977,547,157,502,fertilizer,4499.11,266362.15,unknown
1992,54,109,487,pesticide,345.9,32989.91,unknown
2042,798,159,74,water,1517.17,282766.88,unknown
2045,186,178,583,pesticide,1.28,294279.57,unknown
2064,641,140,476,fertilizer,671.68,402227.96,unknown
2070,65,135,534,fertilizer,2979.3,309818.63,unknown
2104,548,29,9,pesticide,1460.3,457005.06,unknown
2110,921,31,96,water,1503.52,14728.42,unknown
2111,680,42,715,fertilizer,28.23,385513.76,unknown
2122,332,106,723,water,2623.15,165229.2,unknown
2143,956,75,516,water,4713.03,13653.26,unknown
2192,156,156,633,fertilizer,4465.96,457915.38,unknown
2195,256,192,256,fertilizer,4475.05,305151.08,unknown
2204,768,33,566,fertilizer,3961.52,494142.84,unknown
2216,158,173,601,water,4431.58,410610,unknown
2245,356,154,573,unknown,4298,387160.62,unknown
2250,639,48,25,water,2144.24,138728.19,unknown
2262,565,12,678,pesticide,4609.61,216314.6,unknown
2281,147,200,239,seed,4115.43,69179.18,unknown
2288,957,45,320,fertilizer,610.87,483029.5,unknown
2289,565,119,313,pesticide,656.21,162449.66,unknown
2306,647,196,236,water,1981.32,385064.21,unknown
2314,536,171,662,pesticide,1514.01,239268.44,unknown
2331,330,87,651,water,2001.15,178749.64,unknown
2340,188,98,298,water,4967.25,260492.47,unknown
2346,74,184,552,water,4598.81,295314.35,unknown
2347,494,76,135,water,2589.59,422921.76,unknown
2359,377,193,78,fertilizer,3016.61,261787.21,unknown
2362,32,122,681,pesticide,946.78,337407.39,unknown
2364,659,7,42,water,4177.71,275974,unknown
2394,1013,117,725,water,587.75,305036.82,unknown
2405,1045,125,628,water,1625.6,91174.71,unknown
2416,504,170,13,seed,4722.47,159409.69,unknown
2428,80,147,566,pesticide,1523.29,425734.48,unknown
2436,460,24,565,seed,879,255568.19,unknown
2448,855,12,102,seed,2403.36,124761,unknown
2470,558,22,415,seed,3861.27,494534.99,unknown
2479,856,4,478,water,3796.91,211405.94,unknown
16,495,53,714,fertilizer,3724.33,441543,bags
19,872,133,571,seed,4140.75,344167.88,bags
27,397,171,582,pesticide,2240.65,144078.92,bags
36,280,107,504,water,1376.07,447014.53,bags
39,577,162,202,water,4831.41,325361.03,bags
45,404,102,121,seed,3245.77,246653,bags
51,223,202,377,fertilizer,3204.96,264075.86,bags
77,589,178,238,labour,1133.19,379180.78,bags
82,91,143,258,fertilizer,1520,426198.23,bags
89,691,70,509,seed,1448.03,28579.52,bags
107,630,20,472,labour,3109.16,407566.13,bags
111,604,70,8,seed,3640.17,69393.12,bags
112,1030,84,163,labour,2328.4,131288.01,bags
127,194,105,297,seed,129.37,88497.15,bags
131,510,199,219,labour,3875.86,205683.2,bags
135,832,40,112,fertilizer,1795.62,12085.9,bags
137,696,98,407,pesticide,1879.64,404763.92,bags
139,238,80,595,fertilizer,3091.5,253464.07,bags
141,340,171,201,fertilizer,2482.71,438528.36,bags
143,655,28,662,fertilizer,88.32,32526.04,bags
168,241,173,345,water,2602.51,171311,bags
172,511,67,453,fertilizer,899.32,173010.84,bags
191,504,20,62,seed,4772.47,409892.83,bags
201,488,205,558,labour,1470.15,497753.96,bags
206,476,108,398,seed,2865.31,303938.04,bags
215,669,144,131,labour,2210.56,456665.72,bags
237,892,51,444,labour,4083.46,185490.76,bags
238,719,182,509,water,4616.99,287380.73,bags
246,1042,112,269,pesticide,2082.02,118031.11,bags
259,657,38,39,unknown,1249.69,48231.88,bags
288,749,80,297,seed,2397.87,102995.33,bags
309,164,210,284,labour,2162.79,335997.46,bags
320,727,203,630,seed,3259.26,134311.81,bags
329,656,178,624,water,4802.59,426809.76,bags
339,897,127,5,labour,356.75,498549.49,bags
341,62,78,654,seed,4316.5,101726.01,bags
356,526,155,608,pesticide,3311.15,487285.23,bags
362,907,140,282,water,2151.3,368841.43,bags
394,925,98,416,seed,3890.61,192558.6,bags
400,524,195,112,labour,4508.68,28769.22,bags
403,609,94,392,seed,4094.21,250158.84,bags
414,454,76,653,seed,950.15,315678,bags
416,945,181,122,fertilizer,2889.19,394161.3,bags
427,1050,103,354,water,2756.92,227293.52,bags
428,274,139,243,pesticide,2946.47,86048.8,bags
429,360,203,247,water,783.14,93855.33,bags
435,603,186,64,pesticide,1350.98,216872.23,bags
443,596,33,534,pesticide,861.1,165329.57,bags
447,704,173,348,pesticide,2835.05,74271.19,bags
460,944,45,691,unknown,4260.02,218209,bags
478,116,70,213,seed,1288.36,114840.9,bags
484,234,107,126,water,4122.02,466223.43,bags
498,441,23,214,fertilizer,2219.72,26775.24,bags
514,8,90,175,labour,4934.16,384639.34,bags
520,863,138,244,seed,4821.94,128713.3,bags
521,524,155,613,fertilizer,263.58,355853.74,bags
531,658,118,618,fertilizer,20.87,348133.85,bags
534,709,37,202,pesticide,61.03,9655.52,bags
547,258,201,449,labour,3977.05,437105.6,bags
552,579,188,250,water,2722.81,246475.32,bags
555,558,12,457,seed,1242.78,92108.5,bags
576,231,183,721,water,505.2,442162.19,bags
577,570,112,682,water,4951.38,196450.02,bags
583,83,206,522,pesticide,2018.64,75382.56,bags
585,520,52,449,seed,287.14,341246,bags
642,611,166,217,water,2567.1,39256.73,bags
657,312,69,571,unknown,1261.41,475314.43,bags
661,14,102,532,seed,1624.76,237157.72,bags
665,231,171,612,labour,3538.14,354526,bags
670,911,96,710,pesticide,1579.87,244927.72,bags
673,650,159,115,pesticide,4047.89,489933.57,bags
679,134,64,96,seed,1378.2,471203.79,bags
687,192,186,84,fertilizer,4902.76,476569.3,bags
690,854,31,678,water,419.84,255795.19,bags
703,332,6,269,pesticide,309,453803.59,bags
718,709,183,408,pesticide,276.55,104475.31,bags
757,181,122,118,fertilizer,2789.14,197063.08,bags
760,8,7,90,water,232.25,187815.83,bags
768,891,29,114,seed,3371.26,5640.48,bags
769,438,204,708,labour,1965.06,201652,bags
802,694,170,645,labour,2459.18,143508.77,bags
816,178,133,363,pesticide,851.82,168400.25,bags
819,955,35,113,fertilizer,-1,467519.43,bags
824,326,167,395,pesticide,2960.48,108528.71,bags
825,626,179,247,seed,2245.65,423591.04,bags
835,994,153,473,labour,3514.78,120315.23,bags
836,650,196,221,labour,3111.14,339181.07,bags
848,504,76,97,water,530.26,434690.86,bags
855,615,65,480,water,1575.92,405225.97,bags
889,531,23,36,fertilizer,925.19,-5517.89,bags
892,87,59,236,labour,3567.17,123255.59,bags
905,286,179,120,seed,742.75,499290.3,bags
917,197,186,81,pesticide,4900.68,89344.72,bags
941,44,44,237,fertilizer,4851.57,348609.14,bags
953,916,129,374,fertilizer,740.1,236617.78,bags
962,806,101,52,seed,4681.55,97101.13,bags
963,641,150,571,unknown,870.8,68330.39,bags
975,1045,170,10,labour,2847.02,338013.81,bags
977,945,62,655,water,2109.44,253362.89,bags
981,812,33,637,water,4224.78,339663.38,bags
988,512,202,18,water,3494.34,282709.42,bags
992,20,41,87,pesticide,3024.47,422469.33,bags
1004,746,152,346,fertilizer,4346.16,17089.06,bags
1005,69,152,409,fertilizer,3616.32,243857.54,bags
1017,164,20,65,seed,1592.28,95166.18,bags
1026,462,58,433,pesticide,4653.43,283748.32,bags
1034,99,142,245,water,4129.46,63221.96,bags
1050,534,70,316,water,1456.36,205784.26,bags
1066,678,178,243,pesticide,180.05,410815.54,bags
1070,27,44,197,pesticide,4219.18,443103.19,bags
1087,507,100,241,seed,1071.66,105343.12,bags
1100,992,128,295,pesticide,1909.71,94642.66,bags
1121,459,3,72,labour,4847.5,467144.63,bags
1123,440,174,133,water,1007.59,236664.31,bags
1130,360,117,119,water,2825.82,472578,bags
1173,765,172,384,seed,914.51,23725.27,bags
1175,831,139,387,labour,3234.27,62239.35,bags
1196,726,47,102,water,1273.77,212678,bags
1207,733,34,627,seed,1199.65,246124.83,bags
1208,693,108,728,seed,600.63,47906.47,bags
1209,982,115,106,labour,4700.38,128948.83,bags
1215,762,173,306,seed,110.04,487247.13,bags
1226,509,156,550,seed,640.91,76496.67,bags
1237,336,106,387,water,1922.19,112739.33,bags
1252,118,62,87,labour,1190.67,414064.55,bags
1270,57,18,400,water,3483.06,157137.68,bags
1276,995,170,337,pesticide,1964.17,92739.96,bags
1288,553,85,644,seed,2923.73,353972.02,bags
1297,780,148,15,labour,2243.49,450283,bags
1303,503,172,9,pesticide,1421.08,476238.44,bags
1306,905,22,588,labour,1245.08,36730.33,bags
1339,367,170,617,water,3076.87,269373,bags
1372,239,13,28,fertilizer,2182.61,116373.29,bags
1401,819,148,87,labour,26.44,21929.97,bags
1428,384,121,69,seed,401.82,476861.24,bags
1430,460,94,181,labour,4463.59,335193.74,bags
1443,348,181,206,seed,4078.52,399481.29,bags
1457,215,209,458,fertilizer,2637.02,468841.11,bags
1459,534,191,675,fertilizer,1977.05,439573.16,bags
1473,788,89,465,seed,1416.88,393220.24,bags
1475,201,103,568,seed,2197.86,92723.78,bags
1482,246,25,149,labour,683.42,343882.04,bags
1490,286,94,235,seed,3862.77,50526.24,bags
1494,211,197,552,fertilizer,3224.84,137808.61,bags
1513,451,181,152,seed,955.16,98225.73,bags
1521,242,104,363,fertilizer,4666.02,242290.7,bags
1546,229,184,467,labour,4856.18,124056.36,bags
1567,159,149,660,fertilizer,2444.65,132875.98,bags
1572,685,1,699,pesticide,4168.15,4730.02,bags
1573,857,145,84,water,1422.82,483929.89,bags
1608,23,123,730,labour,1247.55,326491.81,bags
1613,106,202,238,pesticide,162.63,31928.51,bags
1627,476,71,73,pesticide,1975.9,175217.3,bags
1652,708,2,515,pesticide,2311.46,461536,bags
1656,926,85,288,pesticide,1573.52,90661.55,bags
1665,702,183,468,fertilizer,781.06,361226.22,bags
1674,268,105,481,labour,38.95,190884.28,bags
1679,384,116,654,labour,3216.22,490511.96,bags
1697,437,127,132,pesticide,735.37,436007.13,bags
1704,188,209,89,water,3105.14,470457.54,bags
1707,706,111,394,seed,717.33,355307.78,bags
1723,903,173,234,pesticide,4172.01,474817,bags
1740,525,75,145,seed,2763.14,154172.77,bags
1781,508,127,230,fertilizer,2059.07,93715.68,bags
1792,4,8,543,water,3454.15,13947.46,bags
1797,1017,170,620,fertilizer,3352.25,232759.04,bags
1802,291,51,663,fertilizer,4477.65,295717,bags
1814,115,140,152,water,1733.99,278145.92,bags
1815,1005,82,121,fertilizer,1690.18,371233,bags
1824,434,3,646,labour,3152.35,472491.84,bags
1826,980,189,635,water,4164.43,481429.88,bags
1831,1,174,695,water,4185.38,63433.53,bags
1837,431,61,237,fertilizer,4084.65,171288.18,bags
1843,727,160,5,seed,2047.03,319736.65,bags
1844,311,109,678,fertilizer,2231.56,395530.96,bags
1850,366,62,718,fertilizer,676.62,141586.02,bags
1864,383,3,310,water,1218.16,311390.63,bags
1874,10,82,642,fertilizer,215.31,333993.61,bags
1886,970,78,444,labour,1620.24,455179.49,bags
1895,449,175,67,labour,3382.79,250745.21,bags
1899,638,132,650,pesticide,3611.1,326800.94,bags
1910,1007,152,75,fertilizer,4891.56,234735,bags
1916,349,16,283,labour,1484.81,394125.82,bags
1967,967,4,179,pesticide,3362.58,473681.15,bags
1974,738,189,582,labour,3937.76,217738.6,bags
1983,564,93,588,seed,2819.8,378974.38,bags
1984,863,16,407,fertilizer,2631.61,241405.23,bags
1985,788,65,486,water,2242.57,104065.66,bags
1994,918,90,519,labour,68.4,450907.49,bags
1998,1048,109,463,seed,756.48,63766.22,bags
1999,423,197,681,labour,933.03,108746.46,bags
2028,317,159,390,seed,3778.77,32417.02,bags
2032,70,102,130,labour,2833.03,408652.61,bags
2043,34,101,606,seed,3895.33,376161.78,bags
2052,2,107,702,fertilizer,430.16,340073,bags
2053,798,193,377,seed,2767.94,435404.78,bags
2065,663,166,66,water,3383.94,322339.43,bags
2079,101,132,510,fertilizer,1294.38,266289.15,bags
2085,700,168,16,labour,2980.96,429737.44,bags
2099,860,80,240,water,4073.52,269148.94,bags
2106,520,142,643,pesticide,2117.93,89999,bags
2112,476,133,112,water,2326.79,437295.57,bags
2121,22,147,538,labour,2034.96,250816.63,bags
2154,834,190,558,water,3993.96,165442.53,bags
2160,110,130,409,fertilizer,4922.93,488365.22,bags
2166,792,58,321,seed,2592.77,351681.83,bags
2170,212,89,474,seed,3156.44,268701.45,bags
2202,878,87,509,seed,2505.14,181022.27,bags
2213,219,38,371,pesticide,1576.69,146436,bags
2223,596,136,601,fertilizer,9.14,300444.7,bags
2225,292,42,577,fertilizer,3738.92,235288.88,bags
2227,632,203,690,pesticide,4199.25,212855.02,bags
2237,766,25,443,seed,3473.4,421081.22,bags
2243,209,144,727,seed,4385.97,-267000.35,bags
2247,318,203,295,seed,1312.19,267234.08,bags
2256,637,155,173,labour,884.74,415933.86,bags
2272,696,3,223,seed,1990.16,408845.67,bags
2277,331,201,254,labour,2868.87,260942.13,bags
2287,702,70,288,pesticide,3153.32,272130.95,bags
2302,335,207,519,water,3495.35,226470.59,bags
2315,526,95,492,seed,959.53,337154.94,bags
2330,910,152,694,pesticide,2057.73,335543.22,bags
2341,959,126,63,fertilizer,3954.12,339656.41,bags
2343,330,37,412,water,3077,476085.47,bags
2360,80,88,340,unknown,4729.21,46782.75,bags
2366,260,44,153,water,2990.11,121939.38,bags
2372,786,111,242,seed,63.84,291814.39,bags
2379,195,81,462,labour,52.08,491319.33,bags
2395,377,139,472,water,4014.09,389174.72,bags
2407,490,177,247,unknown,2022.64,64696.95,bags
2422,392,116,298,water,3768.51,70170.73,bags
2427,639,75,531,water,1724.7,274254.17,bags
2433,1011,165,6,seed,2199.63,221495.36,bags
2434,215,30,25,water,3887.05,194587.26,bags
2449,749,133,694,pesticide,1898.15,50031.07,bags
2466,995,92,347,water,836.48,48116.26,bags
2471,996,36,593,labour,1328.89,212679,bags
2472,647,95,306,fertilizer,4981.85,437133.83,bags
2486,65,174,434,fertilizer,1920.78,201579.67,bags
2499,130,19,727,fertilizer,1133.68,181388.02,bags
1,789,192,29,fertilizer,1129.37,365910.99,acres
18,967,162,563,unknown,828.95,451145.51,acres
25,162,154,619,water,4082.91,217393,acres
29,73,91,420,pesticide,4310.32,286836.66,acres
32,596,165,560,labour,4913.44,214221.98,acres
34,361,71,108,pesticide,3254.92,142229.04,acres
35,1024,160,426,fertilizer,3747.77,200412.11,acres
38,128,138,517,water,4458.93,272127.12,acres
40,239,30,728,pesticide,3130.52,253564.34,acres
49,924,210,448,seed,1188.91,288875.53,acres
54,521,47,43,pesticide,-4,167147.28,acres
60,678,160,287,fertilizer,1611.57,82671.28,acres
61,197,178,275,fertilizer,666.36,189740,acres
66,335,30,423,water,4641.07,470114.85,acres
76,13,26,451,water,2538.66,33579.8,acres
78,881,88,208,seed,3158.15,393254,acres
86,372,208,38,water,3531.83,86833.33,acres
123,956,190,247,water,245.36,479125.56,acres
144,376,26,622,fertilizer,3064.58,422718.37,acres
145,960,102,207,pesticide,2782.85,394982.69,acres
189,1015,181,471,pesticide,4530.88,427137,acres
192,560,168,524,labour,2467.54,301499.84,acres
211,828,70,89,labour,2568.77,36632.34,acres
212,378,95,326,seed,1002.22,138238.62,acres
219,1037,4,377,labour,4336.19,314978.06,acres
220,913,38,351,fertilizer,2803.79,314144.54,acres
225,1032,107,183,labour,2783.34,17006.19,acres
258,828,76,528,pesticide,1277.39,230394,acres
273,193,35,711,fertilizer,4955.19,306262,acres
282,585,70,45,fertilizer,259,311120.44,acres
287,632,198,270,fertilizer,2897.28,21265.53,acres
289,401,101,162,fertilizer,1606.23,149435.17,acres
292,624,100,258,labour,308.58,427627.99,acres
310,909,166,565,fertilizer,1515.25,415196.31,acres
316,585,31,228,water,4458.21,492619.12,acres
338,735,75,601,water,2985.03,371442.06,acres
358,472,205,616,water,1629.46,189275.6,acres
367,552,20,594,pesticide,2052.07,359112,acres
378,71,1,600,fertilizer,383.13,174234.41,acres
389,423,180,631,pesticide,2124.93,426631.99,acres
395,299,34,3,seed,2213.84,283318.23,acres
402,471,209,728,pesticide,3516.12,315154.52,acres
410,461,99,122,fertilizer,1178.67,261203.92,acres
413,920,72,423,seed,538.5,442560.63,acres
436,869,9,219,seed,4400.71,222394.01,acres
437,97,43,676,seed,4987.13,422855.18,acres
441,605,23,687,fertilizer,2445.34,120107.85,acres
468,543,141,372,labour,3783.27,375776.8,acres
493,933,114,396,labour,3138.37,400148.49,acres
494,812,161,22,labour,3099.79,156305.94,acres
497,674,175,420,water,3490.06,277200.88,acres
518,696,34,138,pesticide,3527.24,52355.62,acres
536,10,99,168,fertilizer,2709.79,138828.77,acres
548,625,49,31,fertilizer,2769.92,413397.35,acres
550,873,116,561,seed,2957.36,401867.99,acres
566,536,73,456,seed,1946.93,54790.81,acres
571,934,170,615,seed,3521.21,330112,acres
595,316,132,138,fertilizer,1392.72,200077.59,acres
598,500,79,609,labour,4208.44,78692.27,acres
601,168,140,351,labour,3866.3,297342.82,acres
608,432,78,391,pesticide,2561.57,249495.54,acres
612,470,180,405,labour,301.26,282319,acres
617,516,82,191,pesticide,2252.81,77601.63,acres
626,225,78,368,pesticide,4638.54,329562.7,acres
628,359,32,187,labour,2467.81,404263.62,acres
647,364,15,669,fertilizer,2576.52,397174.98,acres
650,56,14,75,fertilizer,1224.74,359772.04,acres
651,736,72,359,seed,4747.77,97586,acres
658,626,111,181,labour,1701.24,157608,acres
675,814,122,607,fertilizer,3180.05,494108.82,acres
677,85,91,534,seed,3380.06,170878.93,acres
702,169,68,134,water,4528.92,112410.18,acres
715,756,207,427,fertilizer,2651.44,321032,acres
742,913,169,130,labour,149.56,476260,acres
763,445,92,692,fertilizer,4610.3,196122.66,acres
809,443,166,238,labour,897.02,42970.24,acres
815,1021,82,679,fertilizer,4355.95,6928.47,acres
817,196,140,280,fertilizer,1682.98,208988.25,acres
828,482,93,266,pesticide,599.02,134024.41,acres
887,33,93,663,seed,1977.2,101630.29,acres
897,868,21,446,labour,4282.79,64567.31,acres
908,291,17,433,fertilizer,4796.13,244053.18,acres
923,587,113,635,fertilizer,4352.77,370842.85,acres
944,436,194,640,seed,3197.9,265505.64,acres
965,105,203,530,fertilizer,1579.92,280482.87,acres
986,1047,76,361,labour,960.8,373641.12,acres
996,622,55,672,pesticide,3365.26,450511.62,acres
1016,630,79,571,water,2932.23,240716.11,acres
1028,769,201,628,seed,4965.71,277076,acres
1036,207,15,665,pesticide,1544.76,65853.48,acres
1046,363,138,617,water,3505.13,470929.13,acres
1055,108,137,312,seed,836.56,141665.05,acres
1060,563,202,81,labour,3972.62,247103.5,acres
1068,982,57,123,seed,474.34,166721.38,acres
1078,616,30,393,unknown,4829.67,320758.86,acres
1090,276,25,234,labour,3280.87,153526.27,acres
1095,984,131,520,seed,3245.64,102867.45,acres
1104,22,152,606,pesticide,3524.53,482387.75,acres
1108,147,152,636,pesticide,2595.44,485632,acres
1119,397,117,598,water,2333.14,52321.56,acres
1129,147,101,144,pesticide,1050.38,145099.82,acres
1155,839,129,228,labour,2578.35,452282.39,acres
1165,1018,13,158,seed,4372.16,297942.79,acres
1167,100,188,572,pesticide,616.77,386262.08,acres
1169,424,163,261,fertilizer,2599.61,353946.93,acres
1184,793,175,478,unknown,13.19,318083.65,acres
1186,661,35,718,water,2282.46,337790.99,acres
1194,872,27,36,pesticide,4223.57,238418.56,acres
1195,526,71,30,water,3935.54,458479.81,acres
1198,329,7,371,unknown,3072.49,441287.91,acres
1230,796,114,207,water,2194.82,36619.32,acres
1236,16,32,483,seed,3385.43,382456.61,acres
1241,691,166,28,labour,4175.91,221099.02,acres
1249,256,162,392,fertilizer,338.07,34198.55,acres
1253,715,96,29,fertilizer,526.36,39530.6,acres
1262,1014,97,493,water,416.88,307328.16,acres
1279,314,2,608,water,2951.79,223126.08,acres
1296,603,57,22,pesticide,353.88,490807.96,acres
1300,428,27,401,pesticide,4151.5,241556.3,acres
1301,416,55,686,water,238.67,194023.46,acres
1315,364,75,321,labour,3953.44,80604.8,acres
1328,387,32,723,fertilizer,1179.26,357227.9,acres
1329,232,52,53,seed,2348.82,267097.24,acres
1359,1048,101,461,seed,2771.87,325578.91,acres
1361,684,81,606,pesticide,3951.51,466876.85,acres
1379,145,191,211,water,3028.8,194225.16,acres
1387,360,165,193,pesticide,2170.18,413817.45,acres
1399,557,13,390,seed,3388.62,411335.78,acres
1402,779,20,534,labour,2352.4,411370.62,acres
1404,1010,73,307,labour,1684.63,155106,acres
1418,289,43,572,water,622.36,45644.02,acres
1420,75,57,95,pesticide,4190.8,146226.41,acres
1421,105,47,52,pesticide,5.72,467610.79,acres
1445,108,64,62,unknown,237.62,188210.36,acres
1508,18,118,365,labour,1060.24,35019.44,acres
1509,650,140,474,pesticide,-3,350315.51,acres
1510,341,162,627,seed,2930.71,408222.96,acres
1532,146,101,334,seed,1345.12,253188.75,acres
1534,440,101,283,fertilizer,238.09,105963.68,acres
1544,775,31,204,water,4753.02,344005,acres
1551,942,143,194,labour,4608.06,176902.24,acres
1578,364,175,124,unknown,359.88,311499.56,acres
1580,529,31,92,pesticide,4169.98,321581.45,acres
1599,990,143,488,water,3756.85,106732.75,acres
1614,981,46,693,pesticide,2786.44,383079,acres
1621,167,120,115,fertilizer,3167.23,127987.68,acres
1624,668,114,331,fertilizer,2431.33,342430.59,acres
1636,753,31,506,pesticide,4033.11,191298.18,acres
1640,745,72,304,pesticide,4855.61,468681.88,acres
1645,445,56,585,seed,2045.11,400824.61,acres
1650,377,59,473,seed,4231.77,102144.28,acres
1651,632,79,223,fertilizer,1670.28,427064.3,acres
1655,489,54,473,seed,83.56,214630.77,acres
1673,952,207,144,pesticide,1583.17,47116.33,acres
1726,455,145,528,water,3612.78,103043.11,acres
1735,493,206,270,pesticide,1440.52,95836.39,acres
1736,976,78,192,seed,1318.75,165603,acres
1745,188,77,289,pesticide,2715.39,379785.1,acres
1746,699,78,505,labour,3421.07,132523.36,acres
1748,297,92,324,seed,3315.07,349630.23,acres
1754,580,83,655,pesticide,3690.99,455878.74,acres
1756,129,37,280,labour,637.9,228934.02,acres
1762,522,152,210,water,2016.03,285731.47,acres
1782,30,50,146,water,2973.47,358600.41,acres
1788,150,95,16,pesticide,2813.56,369766.48,acres
1818,527,59,141,water,1988.8,255601.81,acres
1821,31,207,486,fertilizer,3944.08,123151.15,acres
1876,185,60,354,seed,1113.26,132768.66,acres
1878,1036,110,139,water,2068.11,492742.66,acres
1880,470,32,388,pesticide,4070.92,389378.66,acres
1909,314,9,308,labour,1013.62,31953.58,acres
1911,937,175,364,pesticide,1688.4,689.68,acres
1932,562,51,544,water,2081.11,497410.76,acres
1937,294,198,203,seed,4021.06,374754.32,acres
1956,845,193,528,labour,4858.8,220326.95,acres
1980,216,136,556,pesticide,4804.55,337049.52,acres
1982,305,32,489,water,4811.11,982.03,acres
2011,413,11,46,fertilizer,305.95,345708,acres
2016,899,46,270,labour,1911.91,67150.63,acres
2024,176,159,702,pesticide,3159.74,382055.31,acres
2033,239,48,130,labour,775.11,105223.13,acres
2038,729,167,66,fertilizer,3015.61,206314.35,acres
2050,893,39,320,pesticide,2851.63,456094.75,acres
2057,506,177,317,pesticide,4224.99,96032.78,acres
2067,190,152,692,seed,1074.93,143076.54,acres
2069,425,8,424,pesticide,1577.15,29229.2,acres
2072,972,115,149,labour,-3,373541.33,acres
2094,416,143,569,unknown,2251.43,117439.62,acres
2108,938,61,682,labour,1876.92,51541.79,acres
2123,1039,126,403,fertilizer,-4,248133.77,acres
2146,662,80,493,fertilizer,891.85,197462.92,acres
2148,89,179,349,pesticide,628.51,208143.16,acres
2152,598,133,656,pesticide,2559.43,167141,acres
2156,439,29,551,pesticide,993.91,301262.6,acres
2173,657,83,464,labour,1195.56,347264.22,acres
2176,522,14,250,fertilizer,2619.98,287384.7,acres
2178,403,132,417,seed,2100.77,149409.76,acres
2182,749,11,119,water,565.43,235232.03,acres
2190,171,175,514,water,1164.8,67916.05,acres
2201,46,168,412,fertilizer,2776.75,258031,acres
2205,632,79,47,seed,1714.37,46330.17,acres
2208,867,59,507,labour,1276.28,172505.4,acres
2221,590,24,508,pesticide,1325.2,26889.58,acres
2248,370,43,689,seed,1493.2,35582.33,acres
2252,173,63,467,fertilizer,4605.89,109505.43,acres
2282,794,67,285,fertilizer,3607.14,143073.87,acres
2285,685,86,610,labour,1548.43,15029.15,acres
2286,795,189,403,seed,1052.3,306293.77,acres
2294,823,28,520,fertilizer,1165.68,97145.32,acres
2317,427,123,499,fertilizer,1214.64,19879.55,acres
2318,335,99,146,fertilizer,2489.68,30163.33,acres
2320,867,196,515,labour,3546.79,32508.19,acres
2337,64,169,462,seed,1886.44,381897.53,acres
2339,444,71,450,fertilizer,2670.14,243330.56,acres
2374,135,162,10,fertilizer,1272.24,80893.02,acres
2383,497,23,290,labour,2630.55,321549.99,acres
2387,404,173,318,pesticide,1442.16,142123.59,acres
2393,974,106,563,labour,2894.05,35955.69,acres
2402,983,170,1,seed,2057.77,460407.99,acres
2413,690,120,18,labour,3887.29,446302.03,acres
2426,557,197,214,pesticide,4439.39,15384.15,acres
2441,921,90,111,seed,3579.92,94542.95,acres
2458,45,77,589,water,4248.71,492116.14,acres
2461,948,85,489,fertilizer,4535.35,349934.7,acres
2494,145,175,92,water,3443.68,88128.39,acres
2495,301,35,678,water,2523.3,11476.28,acres
6,903,130,588,water,1189.79,161576,hours
8,1024,131,679,seed,253.59,326122.08,hours
21,91,174,683,unknown,3958.2,63383,hours
37,124,43,305,fertilizer,2610.74,28332.98,hours
48,702,8,244,seed,-1,47403.63,hours
72,137,126,177,water,332.03,266982.28,hours
74,934,161,414,water,3326.94,481953.35,hours
83,307,88,258,water,2211.38,314265.74,hours
122,480,86,35,water,1897.86,253595.85,hours
125,255,56,437,labour,3494.59,44055.92,hours
130,583,161,486,pesticide,1953.79,129201,hours
146,595,136,717,fertilizer,3351.55,230779.99,hours
156,68,202,214,pesticide,2361.37,142265.12,hours
157,1045,52,418,labour,976.73,268771.12,hours
162,624,105,446,fertilizer,2844.55,148597.77,hours
169,268,187,192,water,3286.87,333621.51,hours
197,755,87,250,fertilizer,4236.4,160994.37,hours
200,241,5,699,pesticide,329.4,262618.96,hours
203,321,4,646,fertilizer,2140.19,69528.49,hours
240,781,13,150,pesticide,1388.71,209272.65,hours
278,978,208,75,pesticide,3840.14,336194.47,hours
279,584,202,459,water,1156.75,36592.18,hours
305,134,96,284,seed,1081.32,342279.69,hours
317,714,189,376,labour,4131.76,89959.6,hours
324,437,173,307,fertilizer,3287.8,33131.05,hours
345,642,91,56,seed,1030.08,356343.3,hours
374,850,6,699,seed,4596.42,19113.22,hours
397,981,48,673,water,2824.93,47756.55,hours
398,1037,39,128,fertilizer,3769.34,445666.94,hours
422,358,69,176,water,4183.98,256829,hours
425,582,187,398,water,2828.54,477028.62,hours
472,737,38,307,water,841.11,310167.59,hours
474,410,40,265,fertilizer,3313.74,313873.14,hours
476,980,182,180,water,2790.08,249376.16,hours
502,736,176,706,fertilizer,2756.65,412683.62,hours
505,332,118,313,pesticide,3156.27,372027.81,hours
508,297,90,666,seed,1663.95,71392.63,hours
509,348,156,107,labour,2223.37,130187,hours
512,639,124,201,unknown,1265.9,244725.52,hours
513,18,36,468,labour,3996.06,488195.53,hours
530,111,158,358,water,449.29,373754.62,hours
543,312,83,514,fertilizer,2802.3,339113.39,hours
563,69,87,277,pesticide,1333.99,301362.62,hours
581,236,121,682,seed,4120.27,226522.29,hours
582,500,123,127,labour,217.55,65678.71,hours
603,235,74,495,seed,3111.01,276453,hours
620,804,131,544,labour,4905.58,149210.5,hours
627,818,7,586,fertilizer,3706.73,236218.82,hours
656,306,47,379,water,741.4,344214.67,hours
671,941,80,114,pesticide,3988.09,27709.62,hours
682,617,38,473,seed,4993.44,460404.62,hours
693,69,11,650,labour,2850.95,238619.78,hours
697,722,126,135,pesticide,321.65,85495.31,hours
698,701,168,9,fertilizer,4454.94,293878.4,hours
704,788,156,266,pesticide,4022.77,491646.93,hours
726,751,7,394,labour,4249.14,358700.41,hours
735,514,114,30,fertilizer,2114.74,390100.95,hours
749,208,135,499,labour,4212.88,461732.9,hours
758,226,201,16,unknown,4963.84,234561.01,hours
776,445,200,443,labour,2280.61,52140.29,hours
814,173,59,479,seed,235.72,495764.43,hours
839,251,30,194,pesticide,2296.56,433944.39,hours
842,38,108,475,fertilizer,3903.68,237919.62,hours
849,136,103,712,water,2524.65,320393.49,hours
853,665,124,552,seed,2088.57,91909.59,hours
864,519,12,498,unknown,4148.51,331211.2,hours
872,323,173,460,labour,1453.7,456616,hours
883,634,155,397,unknown,144.81,133592,hours
885,30,65,90,fertilizer,516.93,108902.06,hours
900,893,118,189,pesticide,1675.65,98130.34,hours
913,459,114,246,seed,686.29,42261.59,hours
916,926,32,243,fertilizer,3769.34,193598.79,hours
918,990,45,727,unknown,32.4,322029.39,hours
922,825,163,648,fertilizer,2142.34,273486.26,hours
925,922,209,478,labour,4270.02,491164.63,hours
934,764,105,152,fertilizer,1154.33,454286.31,hours
943,107,130,6,pesticide,2755.58,359630.89,hours
945,165,106,291,pesticide,1503.95,273667.46,hours
956,684,209,98,labour,3875.24,421924.48,hours
959,698,85,326,pesticide,4225.76,405735.54,hours
967,965,207,626,pesticide,3971.59,395867.3,hours
971,397,120,276,fertilizer,1077.14,490339.52,hours
972,747,187,695,pesticide,1497.12,289918.74,hours
999,342,155,591,water,364.06,189509.31,hours
1010,544,187,677,fertilizer,865.04,417936,hours
1019,648,48,190,pesticide,1473.83,240735,hours
1021,402,38,306,fertilizer,1984.45,44919.77,hours
1024,126,14,533,water,3744.3,419481.22,hours
1027,432,138,651,labour,3385.68,256431.84,hours
1030,859,198,705,water,1815.49,337217.59,hours
1053,735,34,164,fertilizer,3750.47,463948,hours
1054,975,204,6,pesticide,4905.64,466409.89,hours
1063,196,65,693,labour,36.31,303294.43,hours
1074,114,133,717,pesticide,2348.8,353984.74,hours
1096,910,69,53,seed,2552.41,277885.77,hours
1097,332,15,81,labour,3413.8,221294.29,hours
1126,387,126,65,labour,1214.19,7464.25,hours
1133,720,108,336,labour,3190.01,497095.23,hours
1148,927,94,501,water,3224.56,161110.17,hours
1163,502,54,442,pesticide,3332.47,327717.33,hours
1185,987,102,710,water,2868.77,344955.92,hours
1203,88,15,391,fertilizer,3515.46,434355.42,hours
1206,443,15,51,pesticide,3951.88,2454.22,hours
1212,1007,138,141,seed,2492.35,442309.75,hours
1224,301,197,625,seed,2158.48,102578.08,hours
1227,228,103,365,pesticide,4860.97,117935.07,hours
1232,864,53,339,fertilizer,4136.48,303997.02,hours
1264,238,79,214,fertilizer,3842.72,407699.94,hours
1267,510,143,657,fertilizer,4496.89,431769.42,hours
1278,858,51,338,pesticide,3003.51,401388.61,hours
1291,143,153,658,pesticide,4445.15,142824.92,hours
1305,1022,105,29,fertilizer,4957.04,265027.18,hours
1310,700,208,642,water,361.66,354627.94,hours
1314,94,22,168,pesticide,3630.51,345539.69,hours
1340,544,32,323,seed,2246.65,119666.56,hours
1350,916,142,126,labour,1202.97,274393.89,hours
1369,638,8,64,water,896.31,202707.19,hours
1370,615,13,722,seed,1026.46,350036.45,hours
1371,593,175,99,fertilizer,952.46,455061.19,hours
1375,860,199,652,pesticide,4267.32,4583.16,hours
1390,1013,180,3,pesticide,141.74,148539,hours
1398,858,109,471,seed,2469.97,473847.91,hours
1406,917,41,524,pesticide,2708.53,378466,hours
1413,880,41,31,fertilizer,277.99,440510.48,hours
1424,869,177,126,pesticide,3038.09,474009.81,hours
1427,811,108,717,fertilizer,2171.72,379502.05,hours
1446,256,203,447,seed,3616.99,290345.66,hours
1448,263,199,663,labour,2112.88,355759.53,hours
1452,849,86,572,labour,563.96,35932.19,hours
1469,11,184,547,water,3101.67,418023.14,hours
1487,239,26,371,labour,301.96,498267.65,hours
1489,836,167,515,water,730.36,454867.04,hours
1493,1043,168,536,pesticide,3498.88,120589.48,hours
1500,174,184,170,pesticide,4958.13,66562.46,hours
1529,454,137,80,seed,4582.81,476502.29,hours
1542,298,100,374,fertilizer,2090.98,311994.29,hours
1545,872,158,392,labour,4557.14,153292.44,hours
1568,455,191,515,seed,85.23,213285.17,hours
1579,461,180,539,pesticide,4094.2,396404.6,hours
1583,892,119,424,pesticide,1851.3,129966.78,hours
1590,378,196,599,fertilizer,3463.6,84723.2,hours
1615,664,7,146,water,3332.71,460794.74,hours
1626,984,80,84,pesticide,3631.61,413191.55,hours
1630,380,16,605,pesticide,1499.34,323522.66,hours
1639,513,129,58,water,2947.24,499255.43,hours
1664,757,60,170,pesticide,3023.18,154711.89,hours
1668,306,179,530,seed,1838.87,490454.13,hours
1717,943,14,82,pesticide,2982.02,14643.13,hours
1721,285,95,401,seed,3520.08,30454.16,hours
1722,883,122,299,seed,3607.35,53949.35,hours
1744,505,103,84,pesticide,2804.28,5186.22,hours
1751,688,125,595,fertilizer,1091.4,49902.5,hours
1785,87,158,21,pesticide,3371.86,359613.64,hours
1789,195,75,78,fertilizer,4131.26,317602.23,hours
1803,218,20,542,fertilizer,1821.33,110076.96,hours
1836,389,88,557,seed,2490.2,316771,hours
1838,507,94,114,seed,1792.65,251036.54,hours
1841,415,63,21,water,2455.5,231013.18,hours
1872,250,102,621,pesticide,416.91,88949.43,hours
1881,5,135,607,water,1377.17,330505,hours
1900,920,117,251,pesticide,3069.73,231407.84,hours
1903,764,60,116,labour,563.45,421697.06,hours
1933,666,94,416,unknown,3397.47,1787.75,hours
1948,888,42,49,pesticide,2700.78,242673,hours
1961,689,136,205,water,1492.01,131472,hours
1993,861,200,560,labour,2916.14,79413.07,hours
2012,276,168,101,water,4376.59,305478.19,hours
2019,593,67,333,water,3582.63,439650,hours
2029,293,48,325,labour,4085.58,453061.96,hours
2036,202,201,439,fertilizer,1725.07,279031.88,hours
2037,858,201,128,water,677.47,376553,hours
2049,615,203,261,water,2958.47,185688.09,hours
2059,680,48,184,water,1502.35,445523.82,hours
2060,548,35,311,unknown,4316.24,131338.19,hours
2068,980,80,309,seed,1414.62,470409.81,hours
2096,796,35,247,fertilizer,4720.48,261495.4,hours
2114,155,158,656,fertilizer,849.8,47936.55,hours
2124,392,84,383,fertilizer,2807.31,39625,hours
2127,478,162,469,pesticide,676.61,405249.32,hours
2133,762,147,535,fertilizer,1941.4,288661.47,hours
2151,632,121,571,seed,2311.34,437636.45,hours
2161,70,183,281,labour,-1,195542.79,hours
2184,518,27,380,labour,767.86,459901.99,hours
2198,201,85,190,seed,4080.3,256298.15,hours
2215,533,112,560,water,340.96,15436.27,hours
2224,496,141,584,labour,1683.94,70298.3,hours
2232,861,195,423,water,2384.42,36118.26,hours
2259,402,49,350,seed,77.37,497401,hours
2274,922,176,101,fertilizer,2302.61,97819.9,hours
2293,1009,42,528,water,3719.88,369076,hours
2300,282,91,287,labour,1804.17,136862.24,hours
2327,103,164,708,fertilizer,4868.37,130647,hours
2368,807,34,60,labour,2417.97,437916.08,hours
2373,755,168,580,seed,1820.29,184572.43,hours
2384,277,159,407,water,4833.57,333061.52,hours
2392,814,3,378,fertilizer,4081.38,166766.5,hours
2408,339,199,202,pesticide,2955.12,479427,hours
2432,708,145,289,fertilizer,3071.03,335907.95,hours
2455,896,152,82,seed,801.24,296698.64,hours
2459,983,12,333,water,4402.84,337430.92,hours
2482,316,164,473,fertilizer,3015.49,349934,hours
2487,551,200,120,seed,4417.45,263935.67,hours
2488,412,194,33,pesticide,3056.85,18857.33,hours
